1,一,一,yī
2,乙,乙,yǐ
3,二,二,èr
4,十,十,shí
5,丁,一,dīng|zhēng
6,厂,厂,chǎng|ān|hàn
7,七,一,qī
8,卜,卜,bǔ|bo|pu
9,八,八,bā
10,人,人,rén
11,入,入,rù
12,儿,儿,ér
13,匕,匕,bǐ
14,几,几,jǐ|jī
15,九,丿,jiǔ
16,刁,刀,diāo
17,了,乛,le|liǎo
18,刀,刀,dāo
19,力,力,lì
20,乃,乛,nǎi
21,又,又,yòu
22,三,一,sān
23,干,干,gàn|gān
24,于,二,yú
25,亏,一,kuī
26,工,工,gōng
27,土,土,tǔ
28,士,士,shì
29,才,一,cái
30,下,一,xià
31,寸,寸,cùn
32,大,大,dà|dài|tài
33,丈,一,zhàng
34,与,一,yǔ|yù|yú
35,万,一,wàn|mò
36,上,一,shǎng|shàng|shang
37,小,小,xiǎo
38,口,口,kǒu
39,山,山,shān
40,巾,巾,jīn
41,千,十,qiān
42,乞,乙,qǐ
43,川,丿,chuān
44,亿,亻,yì
45,个,人,gè|gě
46,夕,夕,xī
47,久,丿,jiǔ
48,么,丿,me|mó|yāo|ma
49,勺,勹,sháo
50,凡,几,fán
51,丸,丿,wán
52,及,丿,jí
53,广,广,guǎng|ān
54,亡,亠,wáng|wú
55,门,门,mén
56,丫,丨,yā
57,义,丶,yì
58,之,丶,zhī
59,尸,尸,shī
60,己,己,jǐ
61,已,已,yǐ
62,巳,巳,sì
63,弓,弓,gōng
64,子,子,zǐ
65,卫,卩,wèi
66,也,乙,yě
67,女,女,nǚ|rǔ
68,刃,刀,rèn
69,飞,飞,fēi
70,习,乙,xí
71,叉,又,chā|chà|chǎ|chá
72,马,马,mǎ
73,乡,乙,xiāng
74,丰,丨,fēng
75,王,王,wáng|wàng
76,开,廾,kāi
77,井,一,jǐng
78,天,大,tiān
79,夫,大,fū|fú
80,元,一,yuán
81,无,一,wú|mó
82,云,二,yún
83,专,一,zhuān
84,丐,一,gài
85,扎,扌,zhā|zā|zhá
86,艺,艹,yì
87,木,木,mù
88,五,一,wǔ
89,支,支,zhī
90,厅,厂,tīng
91,不,一,bù
92,犬,犬,quǎn
93,太,大,tài
94,区,匚,qū|ōu
95,历,厂,lì
96,歹,歹,dǎi
97,友,又,yǒu
98,尤,尢,yóu
99,匹,匚,pǐ
100,车,车,chē|jū
101,巨,匚,jù
102,牙,牙,yá
103,屯,一,tún|zhūn
104,戈,戈,gē
105,比,比,bǐ
106,互,二,hù
107,切,刀,qiē|qiè
108,瓦,瓦,wǎ|wà
109,止,止,zhǐ
110,少,小,shǎo|shào
111,曰,曰,yuē
112,日,日,rì
113,中,丨,zhōng|zhòng
114,贝,贝,bèi
115,冈,冂,gāng
116,内,冂,nèi|nà
117,水,水,shuǐ
118,见,见,jiàn|xiàn
119,午,十,wǔ
120,牛,牛,niú
121,手,手,shǒu
122,气,气,qì
123,毛,毛,máo
124,壬,士,rén
125,升,丿,shēng
126,夭,大,yāo
127,长,长,cháng|zhǎng
128,仁,亻,rén
129,什,亻,shí|shén
130,片,片,piàn|piān
131,仆,亻,pú|pū
132,化,亻,huà|huā
133,仇,亻,chóu|qiú
134,币,巾,bì
135,仍,亻,réng
136,仅,亻,jǐn|jìn
137,斤,斤,jīn
138,爪,爪,zhǎo|zhuǎ
139,反,又,fǎn
140,介,人,jiè
141,父,父,fù|fǔ
142,从,人,cóng|zòng
143,仑,人,lún
144,今,人,jīn
145,凶,凵,xiōng
146,分,刀,fēn|fèn
147,乏,丿,fá
148,公,八,gōng
149,仓,人,cāng
150,月,月,yuè
151,氏,氏,shì|zhī
152,勿,勹,wù
153,欠,欠,qiàn
154,风,风,fēng|fěng
155,丹,丿,dān
156,匀,勹,yún
157,乌,丿,wū|wù
158,勾,勹,gōu|gòu
159,凤,几,fèng
160,六,亠,liù|lù
161,文,文,wén
162,亢,亠,kàng
163,方,方,fāng
164,火,火,huǒ
165,为,丶,wéi|wèi
166,斗,斗,dòu|dǒu
167,忆,忄,yì
168,计,讠,jì
169,订,讠,dìng
170,户,户,hù
171,认,讠,rèn
172,冗,冖,rǒng
173,讥,讠,jī
174,心,心,xīn
175,尺,尸,chǐ|chě
176,引,弓,yǐn
177,丑,一,chǒu
178,巴,巳,bā
179,孔,子,kǒng
180,队,阝,duì
181,办,力,bàn
182,以,人,yǐ
183,允,儿,yǔn
184,予,乛,yǔ|yú
185,邓,又,dèng
186,劝,力,quàn
187,双,又,shuāng
188,书,乛,shū
189,幻,幺,huàn
190,玉,玉,yù
191,刊,刂,kān
192,未,木,wèi
193,末,木,mò
194,示,示,shì
195,击,凵,jī
196,打,扌,dǎ|dá
197,巧,工,qiǎo
198,正,止,zhèng|zhēng
199,扑,扌,pū
200,卉,十,huì
201,扒,扌,bā|pá
202,功,力,gōng
203,扔,扌,rēng
204,去,厶,qù
205,甘,甘,gān
206,世,一,shì
207,艾,艹,ài|yì
208,古,口,gǔ
209,节,艹,jié|jiē
210,本,木,běn
211,术,木,shù|zhú|shú
212,可,口,kě|kè
213,丙,一,bǐng
214,左,工,zuǒ
215,厉,厂,lì
216,石,石,shí|dàn
217,右,口,yòu
218,布,巾,bù
219,夯,大,hāng|bèn
220,戊,戈,wù
221,龙,龙,lóng
222,平,干,píng
223,灭,火,miè
224,轧,车,zhá|yà|gá
225,东,一,dōng
226,卡,丨,kǎ|qiǎ
227,北,匕,běi|bèi
228,占,卜,zhàn|zhān
229,凸,凵,tū
230,卢,卜,lú
231,业,业,yè
232,旧,日,jiù
233,帅,巾,shuài
234,归,彐,guī
235,旦,日,dàn
236,目,目,mù
237,且,一,qiě|jū
238,叶,口,yè|xié
239,甲,丨,jiǎ
240,申,丨,shēn
241,叮,口,dīng
242,电,丨,diàn
243,号,口,hào|háo
244,田,田,tián
245,由,丨,yóu
246,只,口,zhī|zhǐ
247,叭,口,bā
248,史,口,shǐ
249,央,丨,yāng
250,兄,儿,xiōng
251,叽,口,jī
252,叼,口,diāo
253,叫,口,jiào
254,叩,口,kòu
255,叨,口,dāo|tāo
256,另,口,lìng
257,叹,口,tàn
258,冉,冂,rǎn
259,皿,皿,mǐn
260,凹,丨,āo|wā
261,囚,囗,qiú
262,四,囗,sì
263,生,生,shēng
264,矢,矢,shǐ
265,失,大,shī
266,乍,丿,zhà
267,禾,禾,hé
268,丘,丿,qiū
269,付,亻,fù
270,仗,亻,zhàng
271,代,亻,dài
272,仙,亻,xiān
273,们,亻,mén|men
274,仪,亻,yí
275,白,白,bái
276,仔,亻,zǎi|zǐ|zī
277,他,亻,tā
278,斥,⺁,chì
279,瓜,瓜,guā
280,乎,丿,hū
281,丛,一,cóng
282,令,人,lìng|líng|lǐng
283,用,用,yòng
284,甩,用,shuǎi
285,印,卩,yìn
286,尔,小,ěr
287,乐,丿,lè|yuè
288,句,勹,jù|gōu
289,匆,勹,cōng
290,册,丿,cè
291,卯,卩,mǎo
292,犯,犭,fàn
293,外,夕,wài
294,处,夂,chǔ|chù
295,冬,夂,dōng
296,鸟,鸟,niǎo|diǎo
297,务,力,wù
298,包,勹,bāo
299,饥,饣,jī
300,主,丶,zhǔ
301,市,亠,shì
302,立,立,lì
303,冯,冫,féng|píng
304,玄,亠,xuán
305,闪,门,shǎn
306,兰,丷,lán
307,半,丶,bàn
308,汁,氵,zhī
309,汇,氵,huì
310,头,大,tóu|tou
311,汉,氵,hàn
312,宁,宀,níng|nìng|zhù
313,穴,穴,xué
314,它,宀,tā
315,讨,讠,tǎo
316,写,冖,xiě
317,让,讠,ràng
318,礼,礻,lǐ
319,训,讠,xùn
320,议,讠,yì
321,必,丶,bì
322,讯,讠,xùn
323,记,讠,jì
324,永,水,yǒng
325,司,口,sī
326,尼,尸,ní
327,民,乛,mín
328,弗,弓,fú
329,弘,弓,hóng
330,出,凵,chū
331,辽,辶,liáo
332,奶,女,nǎi
333,奴,女,nú
334,召,口,zhào|shào
335,加,力,jiā
336,皮,皮,pí
337,边,辶,biān|bian
338,孕,子,yùn
339,发,又,fā|fà
340,圣,又,shèng
341,对,寸,duì
342,台,厶,tái|tāi
343,矛,矛,máo
344,纠,纟,jiū
345,母,母,mǔ
346,幼,幺,yòu
347,丝,一,sī
348,邦,阝,bāng
349,式,弋,shì
350,迂,辶,yū
351,刑,刂,xíng
352,戎,戈,róng
353,动,力,dòng
354,扛,扌,káng|gāng
355,寺,寸,sì
356,吉,口,jí
357,扣,扌,kòu
358,考,耂,kǎo
359,托,扌,tuō
360,老,耂,lǎo
361,巩,工,gǒng
362,圾,土,jī
363,执,扌,zhí
364,扩,扌,kuò
365,扫,扌,sǎo|sào
366,地,土,dì|de
367,场,土,chǎng|cháng
368,扬,扌,yáng
369,耳,耳,ěr
370,芋,艹,yù
371,共,八,gòng|gōng
372,芒,艹,máng
373,亚,二,yà
374,芝,艹,zhī
375,朽,木,xiǔ
376,朴,木,pǔ|piáo|pò|pō
377,机,木,jī
378,权,木,quán
379,过,辶,guò|guo|guō
380,臣,臣,chén
381,吏,口,lì
382,再,冂,zài
383,协,十,xié
384,西,覀,xī
385,压,厂,yā|yà
386,厌,厂,yàn
387,戌,戈,qu|xū
388,在,土,zài
389,百,白,bǎi
390,有,月,yǒu|yòu
391,存,子,cún
392,而,而,ér
393,页,页,yè
394,匠,匚,jiàng
395,夸,大,kuā|kuà
396,夺,大,duó
397,灰,火,huī
398,达,辶,dá
399,列,刂,liè
400,死,歹,sǐ
401,成,戈,chéng
402,夹,一,jiā|jiá|gā|xiá
403,夷,大,yí
404,轨,车,guǐ
405,邪,阝,xié|yé|yá|yú|xú
406,尧,兀,yáo
407,划,刂,huá|huà|huai
408,迈,辶,mài
409,毕,比,bì
410,至,至,zhì
411,此,止,cǐ
412,贞,贝,zhēn
413,师,丨,shī
414,尘,小,chén
415,尖,小,jiān
416,劣,力,liè
417,光,儿,guāng
418,当,彐,dāng|dàng
419,早,日,zǎo
420,吁,口,xū|yū|yù
421,吐,口,tǔ|tù
422,吓,口,xià|hè
423,虫,虫,chóng
424,曲,丨,qǔ|qū
425,团,囗,tuán
426,吕,口,lǚ
427,同,冂,tóng|tòng
428,吊,口,diào
429,吃,口,chī
430,因,囗,yīn
431,吸,口,xī
432,吗,口,ma|má|mǎ
433,吆,口,yāo
434,屿,山,yǔ
435,屹,山,yì
436,岁,山,suì
437,帆,巾,fān
438,回,囗,huí
439,岂,山,qǐ|kǎi
440,则,刂,zé
441,刚,刂,gāng
442,网,冂,wǎng
443,肉,肉,ròu
444,年,丿,nián
445,朱,丿,zhū|shú
446,先,儿,xiān
447,丢,丿,diū
448,廷,廴,tíng
449,舌,舌,shé
450,竹,竹,zhú
451,迁,辶,qiān
452,乔,丿,qiáo
453,迄,辶,qì
454,伟,亻,wěi
455,传,亻,chuán|zhuàn
456,乒,丿,pīng
457,乓,丿,pāng
458,休,亻,xiū|xǔ
459,伍,亻,wǔ
460,伏,亻,fú
461,优,亻,yōu
462,臼,臼,jiù
463,伐,亻,fá
464,延,廴,yán
465,仲,亻,zhòng
466,件,亻,jiàn
467,任,亻,rèn|rén
468,伤,亻,shāng
469,价,亻,jià|jie|jiè
470,伦,亻,lún
471,份,亻,fèn|bīn
472,华,十,huá|huā|huà
473,仰,亻,yǎng|áng
474,仿,亻,fǎng
475,伙,亻,huǒ
476,伪,亻,wěi
477,自,自,zì
478,伊,亻,yī
479,血,血,xuè|xiě
480,向,口,xiàng
481,似,亻,sì|shì
482,后,口,hòu
483,行,彳,háng|hàng|héng|xíng
484,舟,舟,zhōu
485,全,人,quán
486,会,人,huì|kuài
487,杀,木,shā
488,合,人,hé|gě
489,兆,儿,zhào
490,企,人,qǐ
491,众,人,zhòng
492,爷,父,yé
493,伞,人,sǎn
494,创,刂,chuàng|chuāng
495,肌,月,jī
496,肋,月,lèi|lē
497,朵,几,duǒ
498,杂,木,zá
499,危,㔾,wēi
500,旬,日,xún
501,旨,日,zhǐ
502,旭,日,xù
503,负,贝,fù
504,匈,勹,xiōng
505,名,口,míng
506,各,口,gè|gě
507,多,夕,duō
508,争,⺈,zhēng
509,色,色,sè|shǎi
510,壮,丬,zhuàng
511,冲,冫,chōng|chòng
512,妆,女,zhuāng
513,冰,冫,bīng
514,庄,广,zhuāng
515,庆,广,qìng
516,亦,亠,yì
517,刘,刂,liú
518,齐,齐,qí|jì|zī|zhāi
519,交,亠,jiāo
520,衣,衣,yī|yì
521,次,欠,cì
522,产,立,chǎn
523,决,冫,jué
524,亥,亠,hài
525,充,亠,chōng
526,妄,女,wàng
527,闭,门,bì
528,问,门,wèn
529,闯,门,chuǎng
530,羊,羊,yáng|xiáng
531,并,丷,bìng|bīng
532,关,丷,guān
533,米,米,mǐ
534,灯,火,dēng
535,州,丶,zhōu
536,汗,氵,hàn|hán
537,污,氵,wū
538,江,氵,jiāng
539,汛,氵,xùn
540,池,氵,chí
541,汝,氵,rǔ
542,汤,氵,tāng|shāng
543,忙,忄,máng
544,兴,八,xīng|xìng
545,宇,宀,yǔ
546,守,宀,shǒu
547,宅,宀,zhái
548,字,宀,zì
549,安,宀,ān
550,讲,讠,jiǎng
551,讳,讠,huì
552,军,冖,jūn
553,讶,讠,yà
554,许,讠,xǔ|hǔ
555,讹,讠,é
556,论,讠,lùn|lún
557,讼,讠,sòng
558,农,冖,nóng
559,讽,讠,fěng
560,设,讠,shè
561,访,讠,fǎng
562,诀,讠,jué
563,寻,寸,xún
564,那,阝,nà|nèi|nā
565,迅,辶,xùn
566,尽,尸,jìn|jǐn
567,导,寸,dǎo
568,异,巳,yì
569,弛,弓,chí
570,孙,子,sūn|xùn
571,阵,阝,zhèn
572,阳,阝,yáng
573,收,攵,shōu
574,阶,阝,jiē
575,阴,阝,yīn
576,防,阝,fáng
577,奸,女,jiān
578,如,女,rú
579,妇,女,fù
580,妃,女,fēi|pèi
581,好,女,hǎo|hào
582,她,女,tā|jiě
583,妈,女,mā
584,戏,戈,xì|hū
585,羽,羽,yǔ
586,观,见,guān|guàn
587,欢,欠,huān
588,买,乛,mǎi
589,红,纟,hóng|gōng
590,驮,马,tuó|duò
591,纤,纟,xiān|qiàn
592,驯,马,xùn
593,约,纟,yuē|yāo
594,级,纟,jí
595,纪,纟,jì|jǐ
596,驰,马,chí
597,纫,纟,rèn
598,巡,辶,xún
599,寿,寸,shòu
600,弄,廾,nòng|lòng
601,麦,麦,mài
602,玖,王,jiǔ
603,玛,王,mǎ
604,形,彡,xíng
605,进,辶,jìn
606,戒,戈,jiè
607,吞,口,tūn
608,远,辶,yuǎn|yuàn
609,违,辶,wéi
610,韧,韦,rèn
611,运,辶,yùn
612,扶,扌,fú
613,抚,扌,fǔ
614,坛,土,tán
615,技,扌,jì
616,坏,土,huài|pī|pēi|péi
617,抠,扌,kōu
618,扰,扌,rǎo
619,扼,扌,è
620,拒,扌,jù
621,找,扌,zhǎo
622,批,扌,pī
623,址,土,zhǐ
624,扯,扌,chě
625,走,走,zǒu
626,抄,扌,chāo
627,贡,贝,gòng
628,汞,水,gǒng
629,坝,土,bà
630,攻,攵,gōng
631,赤,赤,chì
632,折,扌,shé|zhé|zhē
633,抓,扌,zhuā
634,扳,扌,bān|pān
635,抡,扌,lún|lūn
636,扮,扌,bàn
637,抢,扌,qiǎng|qiāng|chēng
638,孝,子,xiào
639,坎,土,kǎn
640,均,土,jūn
641,抑,扌,yì
642,抛,扌,pāo
643,投,扌,tóu
644,坟,土,fén
645,坑,土,kēng
646,抗,扌,kàng
647,坊,土,fāng|fáng
648,抖,扌,dǒu
649,护,扌,hù
650,壳,士,ké|qiào
651,志,士,zhì
652,块,土,kuài
653,扭,扌,niǔ
654,声,士,shēng
655,把,扌,bǎ|bà
656,报,扌,bào
657,拟,扌,nǐ
658,却,卩,què
659,抒,扌,shū
660,劫,力,jié
661,芙,艹,fú
662,芜,艹,wú
663,苇,艹,wěi
664,芽,艹,yá
665,花,艹,huā
666,芹,艹,qín
667,芥,艹,jiè|gài
668,芬,艹,fēn
669,苍,艹,cāng
670,芳,艹,fāng
671,严,一,yán
672,芦,艹,lú|lǔ
673,芯,艹,xīn|xìn
674,劳,力,láo
675,克,十,kè
676,芭,艹,bā
677,苏,艹,sū|sù
678,杆,木,gǎn|gān
679,杠,木,gàng|gāng
680,杜,木,dù
681,材,木,cái
682,村,木,cūn
683,杖,木,zhàng
684,杏,木,xìng
685,杉,木,shān|shā
686,巫,工,wū
687,极,木,jí
688,李,木,lǐ
689,杨,木,yáng
690,求,一,qiú
691,甫,用,fǔ
692,匣,匚,xiá
693,更,一,gēng|gèng
694,束,木,shù
695,吾,口,wú|yù
696,豆,豆,dòu
697,两,一,liǎng
698,酉,酉,yǒu
699,丽,一,lì|lí
700,医,匚,yī
701,辰,辰,chén
702,励,力,lì
703,否,口,fǒu|pǐ
704,还,辶,hái|huán
705,尬,尢,gà
706,歼,歹,jiān
707,来,木,lái
708,连,辶,lián
709,轩,车,xuān
710,步,止,bù
711,卤,卤,lǔ
712,坚,土,jiān
713,肖,⺌,xiào|xiāo
714,旱,日,hàn
715,盯,目,dīng
716,呈,口,chéng
717,时,日,shí
718,吴,口,wú
719,助,力,zhù|chú
720,县,厶,xiàn|xuán
721,里,里,lǐ|li
722,呆,口,dāi
723,吱,口,zī|zhī
724,吠,口,fèi
725,呕,口,ǒu|ōu|òu
726,园,囗,yuán
727,旷,日,kuàng
728,围,囗,wéi
729,呀,口,yā|ya
730,吨,口,dūn
731,足,足,zú
732,邮,阝,yóu
733,男,田,nán
734,困,囗,kùn
735,吵,口,chǎo|chāo
736,串,丨,chuàn
737,员,口,yuán|yún|yùn
738,呐,口,nà
739,听,口,tīng
740,吟,口,yín
741,吩,口,fēn
742,呛,口,qiāng|qiàng
743,吻,口,wěn
744,吹,口,chuī
745,呜,口,wū
746,吭,口,kēng|háng
747,吧,口,bā|ba
748,邑,邑,yì
749,吼,口,hǒu
750,囤,囗,dùn|tún
751,别,刂,bié|biè
752,吮,口,shǔn
753,岖,山,qū
754,岗,山,gǎng|gāng
755,帐,巾,zhàng
756,财,贝,cái
757,针,钅,zhēn
758,钉,钅,dīng|dìng
759,牡,牜,mǔ
760,告,口,gào
761,我,戈,wǒ
762,乱,乙,luàn
763,利,刂,lì
764,秃,禾,tū
765,秀,禾,xiù
766,私,禾,sī
767,每,母,měi
768,兵,八,bīng
769,估,亻,gū|gù
770,体,亻,tǐ|tī
771,何,亻,hé|hè|hē
772,佐,亻,zuǒ
773,佑,亻,yòu
774,但,亻,dàn
775,伸,亻,shēn
776,佃,亻,diàn|tián
777,作,亻,zuò|zuō
778,伯,亻,bǎi|bó
779,伶,亻,líng
780,佣,亻,yōng|yòng
781,低,亻,dī
782,你,亻,nǐ
783,住,亻,zhù
784,位,亻,wèi
785,伴,亻,bàn
786,身,身,shēn
787,皂,白,zào
788,伺,亻,sì|cì
789,佛,亻,fó|fú|bì|bó
790,囱,丿,cōng
791,近,辶,jìn
792,彻,彳,chè
793,役,彳,yì
794,返,辶,fǎn
795,余,人,yú
796,希,巾,xī
797,坐,土,zuò
798,谷,谷,gǔ|yù
799,妥,女,tuǒ
800,含,口,hán
801,邻,阝,lín
802,岔,山,chà
803,肝,月,gān
804,肛,月,gāng
805,肚,月,dù|dǔ
806,肘,月,zhǒu
807,肠,月,cháng
808,龟,刀,guī|jūn|qiū
809,甸,田,diàn|tián|shèng
810,免,刀,miǎn
811,狂,犭,kuáng
812,犹,犭,yóu
813,狈,犭,bèi
814,角,角,jiǎo|jué
815,删,刂,shān
816,条,木,tiáo|tiāo
817,彤,彡,tóng
818,卵,丿,luǎn
819,灸,火,jiǔ
820,岛,山,dǎo
821,刨,刂,páo|bào
822,迎,辶,yíng
823,饭,饣,fàn
824,饮,饣,yǐn|yìn
825,系,丿,xì|jì
826,言,言,yán
827,冻,冫,dòng
828,状,丬,zhuàng
829,亩,亠,mǔ
830,况,冫,kuàng
831,床,广,chuáng
832,库,广,kù
833,庇,广,bì
834,疗,疒,liáo
835,吝,口,lìn
836,应,广,yìng|yīng
837,这,辶,zhè|zhèi
838,冷,冫,lěng
839,庐,广,lú
840,序,广,xù
841,辛,辛,xīn
842,弃,廾,qì
843,冶,冫,yě
844,忘,心,wàng
845,闰,门,rùn
846,闲,门,xián
847,间,门,jiān|jiàn
848,闷,门,mèn|mēn
849,判,刂,pàn
850,兑,丷,duì|ruì|yuè
851,灶,火,zào
852,灿,火,càn
853,灼,火,zhuó
854,弟,丷,dì|tì|tuí
855,汪,氵,wāng
856,沐,氵,mù
857,沛,氵,pèi
858,汰,氵,tài
859,沥,氵,lì
860,沙,氵,shā|shà
861,汽,氵,qì
862,沃,氵,wò
863,沦,氵,lún
864,汹,氵,xiōng
865,泛,氵,fàn
866,沧,氵,cāng
867,没,氵,méi|mò
868,沟,氵,gōu
869,沪,氵,hù
870,沈,氵,shěn|chén
871,沉,氵,chén
872,沁,氵,qìn
873,怀,忄,huái
874,忧,忄,yōu
875,忱,忄,chén
876,快,忄,kuài
877,完,宀,wán
878,宋,宀,sòng
879,宏,宀,hóng
880,牢,宀,láo
881,究,穴,jiū
882,穷,穴,qióng
883,灾,火,zāi
884,良,丶,liáng
885,证,讠,zhèng
886,启,口,qǐ
887,评,讠,píng
888,补,衤,bǔ
889,初,衤,chū
890,社,礻,shè
891,祀,礻,sì
892,识,讠,shí|zhì
893,诈,讠,zhà
894,诉,讠,sù
895,罕,干,hǎn
896,诊,讠,zhěn
897,词,讠,cí
898,译,讠,yì
899,君,口,jūn
900,灵,火,líng
901,即,卩,jí
902,层,尸,céng
903,屁,尸,pì
904,尿,尸,niào|suī
905,尾,尸,wěi|yǐ
906,迟,辶,chí
907,局,尸,jú
908,改,已,gǎi
909,张,弓,zhāng
910,忌,心,jì
911,际,阝,jì
912,陆,阝,lù|liù
913,阿,阝,ā|ē
914,陈,阝,chén
915,阻,阝,zǔ
916,附,阝,fù
917,坠,土,zhuì
918,妓,女,jì
919,妙,女,miào
920,妖,女,yāo
921,姊,女,zǐ
922,妨,女,fáng
923,妒,女,dù
924,努,力,nǔ
925,忍,心,rěn
926,劲,力,jìn|jìng
927,矣,矢,yǐ
928,鸡,鸟,jī
929,纬,纟,wěi
930,驱,马,qū
931,纯,纟,chún
932,纱,纟,shā
933,纲,纟,gāng
934,纳,纟,nà
935,驳,马,bó
936,纵,纟,zòng|zǒng
937,纷,纟,fēn
938,纸,纟,zhǐ
939,纹,纟,wén|wèn
940,纺,纟,fǎng
941,驴,马,lǘ
942,纽,纟,niǔ
943,奉,一,fèng
944,玩,王,wán
945,环,王,huán
946,武,止,wǔ
947,青,青,qīng
948,责,贝,zé|zhài
949,现,王,xiàn
950,玫,王,méi
951,表,一,biǎo
952,规,见,guī
953,抹,扌,mǒ|mò|mā
954,卦,卜,guà
955,坷,土,kē|kě
956,坯,土,pī
957,拓,扌,tuò|tà|zhí
958,拢,扌,lǒng
959,拔,扌,bá
960,坪,土,píng
961,拣,扌,jiǎn
962,坦,土,tǎn
963,担,扌,dān|dàn|dǎn
964,坤,土,kūn
965,押,扌,yā
966,抽,扌,chōu
967,拐,扌,guǎi
968,拖,扌,tuō
969,者,耂,zhě
970,拍,扌,pāi
971,顶,页,dǐng
972,拆,扌,chāi|cā
973,拎,扌,līn
974,拥,扌,yōng
975,抵,扌,dǐ
976,拘,扌,jū|gōu
977,势,力,shì
978,抱,扌,bào
979,拄,扌,zhǔ
980,垃,土,lā
981,拉,扌,lā|lá|lǎ|là
982,拦,扌,lán
983,幸,土,xìng
984,拌,扌,bàn|pàn
985,拧,扌,nǐng|níng|nìng
986,拂,扌,fú|bì
987,拙,扌,zhuō
988,招,扌,zhāo
989,坡,土,pō
990,披,扌,pī
991,拨,扌,bō
992,择,扌,zé|zhái
993,抬,扌,tái
994,拇,扌,mǔ
995,拗,扌,niù|ào|ǎo
996,其,八,qí|jī
997,取,又,qǔ
998,茉,艹,mò
999,苦,艹,kǔ
1000,昔,日,xī
1001,苛,艹,kē|hē
1002,若,艹,ruò|rě
1003,茂,艹,mào
1004,苹,艹,píng|pēng
1005,苗,艹,miáo
1006,英,艹,yīng
1007,苟,艹,gǒu
1008,苑,艹,yuàn
1009,苞,艹,bāo
1010,范,艹,fàn
1011,直,十,zhí
1012,茁,艹,zhuó
1013,茄,艹,qié|jiā
1014,茎,艹,jīng
1015,苔,艹,tái|tāi
1016,茅,艹,máo
1017,枉,木,wǎng
1018,林,木,lín
1019,枝,木,zhī|qí
1020,杯,木,bēi
1021,枢,木,shū
1022,柜,木,guì|jǔ
1023,枚,木,méi
1024,析,木,xī
1025,板,木,bǎn
1026,松,木,sōng
1027,枪,木,qiāng
1028,枫,木,fēng
1029,构,木,gòu
1030,杭,木,háng
1031,杰,木,jié
1032,述,辶,shù
1033,枕,木,zhěn
1034,丧,十,sàng|sāng
1035,或,戈,huò
1036,画,一,huà
1037,卧,卜,wò
1038,事,一,shì
1039,刺,刂,cì|cī
1040,枣,木,zǎo
1041,雨,雨,yǔ|yù
1042,卖,十,mài
1043,郁,阝,yù
1044,矾,石,fán
1045,矿,石,kuàng
1046,码,石,mǎ
1047,厕,厂,cè
1048,奈,大,nài
1049,奔,大,bēn|bèn
1050,奇,大,qí|jī
1051,奋,大,fèn
1052,态,心,tài
1053,欧,欠,ōu
1054,殴,殳,ōu
1055,垄,土,lǒng
1056,妻,女,qī|qì
1057,轰,车,hōng
1058,顷,页,qǐng
1059,转,车,zhuǎn|zhuàn|zhuǎi
1060,斩,斤,zhǎn
1061,轮,车,lún
1062,软,车,ruǎn
1063,到,刂,dào
1064,非,非,fēi
1065,叔,又,shū
1066,歧,止,qí
1067,肯,月,kěn
1068,齿,齿,chǐ
1069,些,止,xiē|suò
1070,卓,十,zhuó
1071,虎,虎,hǔ
1072,虏,虍,lǔ
1073,肾,月,shèn
1074,贤,贝,xián
1075,尚,小,shàng
1076,旺,日,wàng
1077,具,八,jù
1078,味,口,wèi
1079,果,木,guǒ
1080,昆,日,kūn
1081,国,囗,guó
1082,哎,口,āi
1083,咕,口,gū
1084,昌,日,chāng
1085,呵,口,hē|ā|á|ǎ|à|a
1086,畅,丨,chàng
1087,明,日,míng
1088,易,日,yì
1089,咙,口,lóng
1090,昂,日,áng
1091,迪,辶,dí
1092,典,八,diǎn
1093,固,囗,gù
1094,忠,心,zhōng
1095,呻,口,shēn
1096,咒,口,zhòu
1097,咋,口,zǎ|zé|zhā
1098,咐,口,fù
1099,呼,口,hū
1100,鸣,鸟,míng
1101,咏,口,yǒng
1102,呢,口,ne|ní
1103,咄,口,duō
1104,咖,口,kā|gā
1105,岸,山,àn
1106,岩,山,yán
1107,帖,巾,tiē|tiě|tiè
1108,罗,罒,luó
1109,帜,巾,zhì
1110,帕,巾,pà
1111,岭,山,lǐng
1112,凯,几,kǎi
1113,败,贝,bài
1114,账,贝,zhàng
1115,贩,贝,fàn
1116,贬,贝,biǎn
1117,购,贝,gòu
1118,贮,贝,zhù
1119,图,囗,tú
1120,钓,钅,diào
1121,制,刂,zhì
1122,知,矢,zhī|zhì
1123,迭,辶,dié
1124,氛,气,fēn
1125,垂,丿,chuí
1126,牧,牜,mù
1127,物,牜,wù
1128,乖,丿,guāi
1129,刮,刂,guā
1130,秆,禾,gǎn
1131,和,禾,hé|hè|huò|huó|hú
1132,季,禾,jì
1133,委,女,wěi|wēi
1134,秉,丿,bǐng
1135,佳,亻,jiā
1136,侍,亻,shì
1137,岳,山,yuè
1138,供,亻,gòng|gōng
1139,使,亻,shǐ
1140,例,亻,lì
1141,侠,亻,xiá
1142,侥,亻,yáo|jiǎo
1143,版,片,bǎn
1144,侄,亻,zhí
1145,侦,亻,zhēn
1146,侣,亻,lǚ
1147,侧,亻,cè|zè|zhāi
1148,凭,几,píng
1149,侨,亻,qiáo
1150,佩,亻,pèi
1151,货,贝,huò
1152,侈,亻,chǐ
1153,依,亻,yī
1154,卑,十,bēi
1155,的,白,de|dí|dì|dī
1156,迫,辶,pò|pǎi
1157,质,⺁,zhì
1158,欣,欠,xīn
1159,征,彳,zhēng
1160,往,彳,wǎng
1161,爬,爪,pá
1162,彼,彳,bǐ
1163,径,彳,jìng
1164,所,户,suǒ
1165,舍,人,shè|shě
1166,金,金,jīn
1167,刹,刂,shā|chà
1168,命,人,mìng
1169,肴,月,yáo
1170,斧,斤,fǔ
1171,爸,父,bà
1172,采,爫,cǎi|cài
1173,觅,见,mì
1174,受,又,shòu
1175,乳,乚,rǔ
1176,贪,贝,tān
1177,念,人,niàn
1178,贫,贝,pín
1179,忿,心,fèn
1180,肤,月,fū
1181,肺,月,fèi
1182,肢,月,zhī
1183,肿,月,zhǒng
1184,胀,月,zhàng
1185,朋,月,péng
1186,股,月,gǔ
1187,肮,月,āng
1188,肪,月,fáng
1189,肥,月,féi
1190,服,月,fú|fù
1191,胁,月,xié
1192,周,冂,zhōu
1193,昏,日,hūn
1194,鱼,鱼,yú
1195,兔,刀,tù
1196,狐,犭,hú
1197,忽,心,hū
1198,狗,犭,gǒu
1199,狞,犭,níng
1200,备,夂,bèi
1201,饰,饣,shì
1202,饱,饣,bǎo
1203,饲,饣,sì
1204,变,又,biàn
1205,京,亠,jīng
1206,享,亠,xiǎng
1207,庞,广,páng
1208,店,广,diàn
1209,夜,夕,yè
1210,庙,广,miào
1211,府,广,fǔ
1212,底,广,dǐ|de
1213,疟,疒,nüè|yào
1214,疙,疒,gē|yì
1215,疚,疒,jiù
1216,剂,刂,jì
1217,卒,十,zú|cù
1218,郊,阝,jiāo
1219,庚,广,gēng
1220,废,广,fèi
1221,净,冫,jìng|chēng
1222,盲,目,máng
1223,放,攵,fàng
1224,刻,刂,kè
1225,育,月,yù|yō
1226,氓,亠,méng|máng
1227,闸,门,zhá
1228,闹,门,nào
1229,郑,阝,zhèng
1230,券,刀,quàn|xuàn
1231,卷,㔾,juàn|juǎn
1232,单,丷,dān|chán|shàn
1233,炬,火,jù
1234,炒,火,chǎo
1235,炊,火,chuī
1236,炕,火,kàng
1237,炎,火,yán
1238,炉,火,lú
1239,沫,氵,mò
1240,浅,氵,qiǎn|jiān
1241,法,氵,fǎ
1242,泄,氵,xiè|yì
1243,沽,氵,gū
1244,河,氵,hé
1245,沾,氵,zhān
1246,泪,氵,lèi
1247,沮,氵,jǔ|jù
1248,油,氵,yóu
1249,泊,氵,bó|pō
1250,沿,氵,yán
1251,泡,氵,pào|pāo
1252,注,氵,zhù
1253,泣,氵,qì
1254,泞,氵,nìng
1255,泻,氵,xiè
1256,泌,氵,mì|bì
1257,泳,氵,yǒng
1258,泥,氵,ní|nì
1259,沸,氵,fèi
1260,沼,氵,zhǎo
1261,波,氵,bō
1262,泼,氵,pō
1263,泽,氵,zé|shì
1264,治,氵,zhì
1265,怔,忄,zhēng|zhèng
1266,怯,忄,qiè
1267,怖,忄,bù
1268,性,忄,xìng
1269,怕,忄,pà
1270,怜,忄,lián
1271,怪,忄,guài
1272,怡,忄,yí
1273,学,子,xué
1274,宝,宀,bǎo
1275,宗,宀,zōng
1276,定,宀,dìng
1277,宠,宀,chǒng
1278,宜,宀,yí
1279,审,宀,shěn
1280,宙,宀,zhòu
1281,官,宀,guān
1282,空,穴,kōng|kòng|kǒng
1283,帘,巾,lián
1284,宛,宀,wǎn|yuān
1285,实,宀,shí
1286,试,讠,shì
1287,郎,阝,láng|làng
1288,诗,讠,shī
1289,肩,月,jiān
1290,房,户,fáng
1291,诚,讠,chéng
1292,衬,衤,chèn
1293,衫,衤,shān
1294,视,礻,shì
1295,祈,礻,qí
1296,话,讠,huà
1297,诞,讠,dàn
1298,诡,讠,guǐ
1299,询,讠,xún
1300,该,讠,gāi
1301,详,讠,xiáng|yáng
1302,建,廴,jiàn
1303,肃,肀,sù
1304,录,彐,lù
1305,隶,隶,lì
1306,帚,巾,zhǒu
1307,屉,尸,tì
1308,居,尸,jū
1309,届,尸,jiè
1310,刷,刂,shuā|shuà
1311,屈,尸,qū
1312,弧,弓,hú
1313,弥,弓,mí|mǐ
1314,弦,弓,xián
1315,承,乛,chéng
1316,孟,子,mèng
1317,陋,阝,lòu
1318,陌,阝,mò
1319,孤,子,gū
1320,陕,阝,shǎn
1321,降,阝,jiàng|xiáng
1322,函,凵,hán
1323,限,阝,xiàn
1324,妹,女,mèi
1325,姑,女,gū
1326,姐,女,jiě
1327,姓,女,xìng
1328,妮,女,nī
1329,始,女,shǐ
1330,姆,女,mǔ
1331,迢,辶,tiáo
1332,驾,马,jià
1333,叁,厶,sān
1334,参,厶,cān|shēn|cēn|sān
1335,艰,艮,jiān
1336,线,纟,xiàn
1337,练,纟,liàn
1338,组,纟,zǔ
1339,绅,纟,shēn
1340,细,纟,xì
1341,驶,马,shǐ
1342,织,纟,zhī|zhì
1343,驹,马,jū
1344,终,纟,zhōng
1345,驻,马,zhù
1346,绊,纟,bàn
1347,驼,马,tuó
1348,绍,纟,shào
1349,绎,纟,yì
1350,经,纟,jīng|jìng
1351,贯,贝,guàn
1352,契,大,qì|qiè|xiè
1353,贰,贝,èr
1354,奏,大,zòu
1355,春,日,chūn
1356,帮,巾,bāng
1357,玷,王,diàn
1358,珍,王,zhēn
1359,玲,王,líng
1360,珊,王,shān
1361,玻,王,bō
1362,毒,母,dú|dài
1363,型,土,xíng
1364,拭,扌,shì
1365,挂,扌,guà
1366,封,寸,fēng
1367,持,扌,chí
1368,拷,扌,kǎo
1369,拱,扌,gǒng
1370,项,工,xiàng
1371,垮,土,kuǎ
1372,挎,扌,kuà|kū
1373,城,土,chéng
1374,挟,扌,jiā|xié
1375,挠,扌,náo
1376,政,攵,zhèng
1377,赴,走,fù
1378,赵,走,zhào
1379,挡,扌,dǎng|dàng
1380,拽,扌,zhuài|zhuāi|yè
1381,哉,口,zāi
1382,挺,扌,tǐng
1383,括,扌,kuò|guā
1384,垢,土,gòu
1385,拴,扌,shuān
1386,拾,扌,shí|shè
1387,挑,扌,tiāo|tiǎo
1388,垛,土,duǒ|duò
1389,指,扌,zhǐ
1390,垫,土,diàn
1391,挣,扌,zhèng|zhēng
1392,挤,扌,jǐ
1393,拼,扌,pīn
1394,挖,扌,wā
1395,按,扌,àn
1396,挥,扌,huī
1397,挪,扌,nuó
1398,拯,扌,zhěng
1399,某,甘,mǒu
1400,甚,一,shèn|shén
1401,荆,刂,jīng
1402,茸,艹,róng
1403,革,革,gé|jí
1404,茬,艹,chá
1405,荐,艹,jiàn
1406,巷,巳,xiàng|hàng
1407,带,巾,dài
1408,草,艹,cǎo
1409,茧,艹,jiǎn
1410,茵,艹,yīn
1411,茶,艹,chá
1412,荒,艹,huāng
1413,茫,艹,máng
1414,荡,艹,dàng
1415,荣,艹,róng
1416,荤,艹,hūn
1417,荧,艹,yíng
1418,故,攵,gù
1419,胡,月,hú
1420,荫,艹,yīn|yìn
1421,荔,艹,lì
1422,南,十,nán|nā
1423,药,艹,yào
1424,标,木,biāo
1425,栈,木,zhàn
1426,柑,木,gān
1427,枯,木,kū
1428,柄,木,bǐng
1429,栋,木,dòng
1430,相,木,xiāng|xiàng
1431,查,木,zhā|chá
1432,柏,木,bǎi|bó|bò
1433,栅,木,shān|zhà|shi|cè
1434,柳,木,liǔ
1435,柱,木,zhù
1436,柿,木,shì
1437,栏,木,lán
1438,柠,木,níng
1439,树,木,shù
1440,勃,力,bó|bèi
1441,要,覀,yào|yāo
1442,柬,木,jiǎn
1443,咸,戈,xián
1444,威,戈,wēi
1445,歪,一,wāi
1446,研,石,yán|yàn
1447,砖,石,zhuān
1448,厘,厂,lí
1449,厚,厂,hòu
1450,砌,石,qì|qiè
1451,砂,石,shā
1452,泵,水,bèng
1453,砚,石,yàn
1454,砍,石,kǎn
1455,面,面,miàn
1456,耐,而,nài
1457,耍,而,shuǎ
1458,牵,牛,qiān
1459,鸥,鸟,ōu
1460,残,歹,cán
1461,殃,歹,yāng
1462,轴,车,zhóu|zhòu
1463,轻,车,qīng
1464,鸦,鸟,yā
1465,皆,白,jiē
1466,韭,韭,jiǔ
1467,背,月,bèi|bēi
1468,战,戈,zhàn
1469,点,灬,diǎn
1470,虐,虍,nüè
1471,临,丨,lín
1472,览,见,lǎn
1473,竖,立,shù
1474,省,目,shěng|xǐng
1475,削,刂,xuē|xiāo
1476,尝,小,cháng
1477,昧,日,mèi
1478,盹,目,dǔn
1479,是,日,shì
1480,盼,目,pàn
1481,眨,目,zhǎ
1482,哇,口,wā|wa
1483,哄,口,hǒng|hōng|hòng
1484,哑,口,yǎ|yā
1485,显,日,xiǎn
1486,冒,冃,mào|mò
1487,映,日,yìng
1488,星,日,xīng
1489,昨,日,zuó
1490,咧,口,liē|liě|lie|lié
1491,昭,日,zhāo
1492,畏,田,wèi
1493,趴,足,pā
1494,胃,月,wèi
1495,贵,贝,guì
1496,界,田,jiè
1497,虹,虫,hóng|jiàng
1498,虾,虫,xiā|há
1499,蚁,虫,yǐ
1500,思,田,sī|sāi
1501,蚂,虫,mǎ|mà|mā
1502,虽,虫,suī
1503,品,口,pǐn
1504,咽,口,yān|yàn|yè
1505,骂,马,mà
1506,勋,力,xūn
1507,哗,口,huá|huā
1508,咱,口,zán|zá|zǎ|zan
1509,响,口,xiǎng
1510,哈,口,hā|hǎ|hà
1511,哆,口,duō
1512,咬,口,yǎo
1513,咳,口,hāi|ké
1514,咪,口,mī
1515,哪,口,nǎ|na|nǎi|né|něi
1516,哟,口,yō|yo
1517,炭,火,tàn
1518,峡,山,xiá
1519,罚,罒,fá
1520,贱,贝,jiàn
1521,贴,贝,tiē
1522,贻,贝,yí
1523,骨,骨,gǔ|gū
1524,幽,山,yōu
1525,钙,钅,gài
1526,钝,钅,dùn
1527,钞,钅,chāo
1528,钟,钅,zhōng
1529,钢,钅,gāng|gàng
1530,钠,钅,nà
1531,钥,钅,yuè|yào
1532,钦,钅,qīn
1533,钧,钅,jūn
1534,钩,钅,gōu
1535,钮,钅,niǔ
1536,卸,卩,xiè
1537,缸,缶,gāng
1538,拜,手,bài|bái
1539,看,目,kàn|kān
1540,矩,矢,jǔ
1541,毡,毛,zhān
1542,氢,气,qīng
1543,怎,心,zěn
1544,牲,牜,shēng
1545,选,辶,xuǎn
1546,适,辶,shì|kuò
1547,秒,禾,miǎo
1548,香,香,xiāng
1549,种,禾,zhǒng|zhòng|chóng
1550,秋,禾,qiū
1551,科,禾,kē
1552,重,丿,zhòng|chóng
1553,复,夂,fù
1554,竿,竹,gān
1555,段,殳,duàn
1556,便,亻,biàn|pián
1557,俩,亻,liǎ|liǎng
1558,贷,贝,dài
1559,顺,页,shùn
1560,修,亻,xiū
1561,俏,亻,qiào|xiào
1562,保,亻,bǎo
1563,促,亻,cù
1564,俄,亻,é
1565,俐,亻,lì
1566,侮,亻,wǔ
1567,俭,亻,jiǎn
1568,俗,亻,sú
1569,俘,亻,fú
1570,信,亻,xìn|shēn
1571,皇,白,huáng
1572,泉,水,quán
1573,鬼,鬼,guǐ
1574,侵,亻,qīn
1575,禹,丿,yǔ
1576,侯,亻,hòu|hóu
1577,追,辶,zhuī|duī
1578,俊,亻,jùn
1579,盾,目,dùn
1580,待,彳,dài|dāi
1581,徊,彳,huái
1582,衍,彳,yǎn
1583,律,彳,lǜ
1584,很,彳,hěn
1585,须,彡,xū
1586,叙,又,xù
1587,剑,刂,jiàn
1588,逃,辶,táo
1589,食,飠,shí|sì|yì
1590,盆,八,pén
1591,胚,月,pēi
1592,胧,月,lóng
1593,胆,月,dǎn
1594,胜,月,shèng|shēng
1595,胞,月,bāo
1596,胖,月,pàng|pán|pàn
1597,脉,月,mài|mò
1598,胎,月,tāi
1599,勉,力,miǎn
1600,狭,犭,xiá
1601,狮,犭,shī
1602,独,犭,dú
1603,狰,犭,zhēng
1604,狡,犭,jiǎo
1605,狱,犭,yù
1606,狠,犭,hěn
1607,贸,贝,mào
1608,怨,心,yuàn
1609,急,心,jí
1610,饵,饣,ěr
1611,饶,饣,ráo
1612,蚀,虫,shí
1613,饺,饣,jiǎo
1614,饼,饣,bǐng
1615,峦,山,luán
1616,弯,弓,wān
1617,将,丬,jiāng|jiàng|qiāng
1618,奖,大,jiǎng
1619,哀,口,āi
1620,亭,亠,tíng
1621,亮,亠,liàng
1622,度,广,dù|duó
1623,迹,辶,jì
1624,庭,广,tíng
1625,疮,疒,chuāng
1626,疯,疒,fēng
1627,疫,疒,yì
1628,疤,疒,bā
1629,咨,口,zī
1630,姿,女,zī
1631,亲,立,qīn|qìng
1632,音,音,yīn
1633,帝,巾,dì
1634,施,方,shī
1635,闺,门,guī
1636,闻,门,wén
1637,闽,门,mǐn
1638,阀,门,fá
1639,阁,门,gé
1640,差,工,chā|chà|chāi|chài|cī
1641,养,丷,yǎng
1642,美,大,měi
1643,姜,女,jiāng
1644,叛,又,pàn
1645,送,辶,sòng
1646,类,米,lèi
1647,迷,辶,mí
1648,籽,米,zǐ
1649,娄,女,lóu
1650,前,丷,qián
1651,首,首,shǒu
1652,逆,辶,nì
1653,兹,丷,zī|cí
1654,总,心,zǒng
1655,炼,火,liàn
1656,炸,火,zhà|zhá
1657,烁,火,shuò
1658,炮,火,pào|páo|bāo
1659,炫,火,xuàn
1660,烂,火,làn
1661,剃,刂,tì
1662,洼,氵,wā
1663,洁,氵,jié
1664,洪,氵,hóng
1665,洒,氵,sǎ|xǐ
1666,柒,木,qī
1667,浇,氵,jiāo
1668,浊,氵,zhuó
1669,洞,氵,dòng
1670,测,氵,cè
1671,洗,氵,xǐ|xiǎn
1672,活,氵,huó
1673,派,氵,pài
1674,洽,氵,qià
1675,染,木,rǎn
1676,洛,氵,luò
1677,浏,氵,liú
1678,济,氵,jì|jǐ
1679,洋,氵,yáng
1680,洲,氵,zhōu
1681,浑,氵,hún
1682,浓,氵,nóng
1683,津,氵,jīn
1684,恃,忄,shì
1685,恒,忄,héng
1686,恢,忄,huī
1687,恍,忄,huǎng
1688,恬,忄,tián
1689,恤,忄,xù
1690,恰,忄,qià
1691,恼,忄,nǎo
1692,恨,忄,hèn
1693,举,丶,jǔ
1694,觉,见,jué|jiào
1695,宣,宀,xuān
1696,宦,宀,huàn
1697,室,宀,shì
1698,宫,宀,gōng
1699,宪,宀,xiàn
1700,突,穴,tū
1701,穿,穴,chuān
1702,窃,穴,qiè
1703,客,宀,kè
1704,诫,讠,jiè
1705,冠,冖,guān|guàn
1706,诬,讠,wū
1707,语,讠,yǔ|yù
1708,扁,户,biǎn|piān
1709,袄,衤,ǎo
1710,祖,礻,zǔ
1711,神,礻,shén
1712,祝,礻,zhù
1713,祠,礻,cí
1714,误,讠,wù
1715,诱,讠,yòu
1716,诲,讠,huì
1717,说,讠,shuō|yuè|shuì
1718,诵,讠,sòng
1719,垦,土,kěn
1720,退,辶,tuì
1721,既,旡,jì
1722,屋,尸,wū
1723,昼,一,zhòu
1724,屏,尸,bīng|píng|bǐng
1725,屎,尸,shǐ
1726,费,贝,fèi
1727,陡,阝,dǒu
1728,逊,辶,xùn
1729,眉,目,méi
1730,孩,子,hái
1731,陨,阝,yǔn
1732,除,阝,chú
1733,险,阝,xiǎn
1734,院,阝,yuàn
1735,娃,女,wá
1736,姥,女,lǎo|mǔ
1737,姨,女,yí
1738,姻,女,yīn
1739,娇,女,jiāo
1740,姚,女,yáo
1741,娜,女,nà|nuó
1742,怒,心,nù
1743,架,木,jià
1744,贺,贝,hè
1745,盈,皿,yíng
1746,勇,力,yǒng
1747,怠,心,dài
1748,癸,癶,guǐ
1749,蚤,虫,zǎo
1750,柔,木,róu
1751,垒,土,lěi
1752,绑,纟,bǎng
1753,绒,纟,róng
1754,结,纟,jié|jiē
1755,绕,纟,rào
1756,骄,马,jiāo
1757,绘,纟,huì
1758,给,纟,gěi|jǐ
1759,绚,纟,xuàn
1760,骆,马,luò
1761,络,纟,luò|lào
1762,绝,纟,jué
1763,绞,纟,jiǎo
1764,骇,马,hài
1765,统,纟,tǒng
1766,耕,耒,gēng
1767,耘,耒,yún
1768,耗,耒,hào
1769,耙,耒,pá|bà
1770,艳,色,yàn
1771,泰,氺,tài
1772,秦,禾,qín
1773,珠,王,zhū
1774,班,王,bān
1775,素,糸,sù
1776,匿,匚,nì
1777,蚕,虫,cán
1778,顽,页,wán
1779,盏,皿,zhǎn
1780,匪,匚,fěi
1781,捞,扌,lāo
1782,栽,木,zāi
1783,捕,扌,bǔ
1784,埂,土,gěng
1785,捂,扌,wǔ|wú
1786,振,扌,zhèn
1787,载,车,zǎi|zài
1788,赶,走,gǎn
1789,起,走,qǐ
1790,盐,皿,yán
1791,捎,扌,shāo|shào
1792,捍,扌,hàn
1793,捏,扌,niē
1794,埋,土,mái|mán
1795,捉,扌,zhuō
1796,捆,扌,kǔn
1797,捐,扌,juān
1798,损,扌,sǔn
1799,袁,土,yuán
1800,捌,扌,bā
1801,都,阝,dōu|dū
1802,哲,口,zhé
1803,逝,辶,shì
1804,捡,扌,jiǎn
1805,挫,扌,cuò
1806,换,扌,huàn
1807,挽,扌,wǎn
1808,挚,手,zhì
1809,热,灬,rè
1810,恐,心,kǒng
1811,捣,扌,dǎo
1812,壶,士,hú
1813,捅,扌,tǒng
1814,埃,土,āi
1815,挨,扌,āi|ái
1816,耻,耳,chǐ
1817,耿,耳,gěng
1818,耽,耳,dān
1819,聂,耳,niè
1820,恭,⺗,gōng
1821,莽,艹,mǎng
1822,莱,艹,lái
1823,莲,艹,lián
1824,莫,艹,mò|mù
1825,莉,艹,lì
1826,荷,艹,hé|hè
1827,获,艹,huò
1828,晋,日,jìn
1829,恶,心,è|wù|ě|wū
1830,莹,艹,yíng
1831,莺,艹,yīng
1832,真,十,zhēn
1833,框,木,kuàng
1834,梆,木,bāng
1835,桂,木,guì
1836,桔,木,jú|jié
1837,栖,木,qī|xī
1838,档,木,dàng
1839,桐,木,tóng
1840,株,木,zhū
1841,桥,木,qiáo
1842,桦,木,huà
1843,栓,木,shuān
1844,桃,木,táo
1845,格,木,gé|gē
1846,桩,木,zhuāng
1847,校,木,xiào|jiào
1848,核,木,hé|hú
1849,样,木,yàng
1850,根,木,gēn
1851,索,糸,suǒ
1852,哥,口,gē
1853,速,辶,sù
1854,逗,辶,dòu
1855,栗,木,lì
1856,贾,贝,jiǎ|gǔ
1857,酌,酉,zhuó
1858,配,酉,pèi
1859,翅,羽,chì
1860,辱,辰,rǔ
1861,唇,口,chún
1862,夏,夂,xià
1863,砸,石,zá
1864,砰,石,pēng
1865,砾,石,lì
1866,础,石,chǔ
1867,破,石,pò
1868,原,厂,yuán
1869,套,大,tào
1870,逐,辶,zhú
1871,烈,灬,liè
1872,殊,歹,shū
1873,殉,歹,xùn
1874,顾,页,gù
1875,轿,车,jiào
1876,较,车,jiào
1877,顿,页,dùn|dú
1878,毙,比,bì
1879,致,至,zhì
1880,柴,木,chái
1881,桌,卜,zhuō
1882,虑,虍,lǜ
1883,监,皿,jiān|jiàn
1884,紧,糸,jǐn
1885,党,儿,dǎng
1886,逞,辶,chěng
1887,晒,日,shài
1888,眠,目,mián
1889,晓,日,xiǎo
1890,哮,口,xiào
1891,唠,口,lào|láo
1892,鸭,鸟,yā
1893,晃,日,huàng|huǎng
1894,哺,口,bǔ
1895,晌,日,shǎng
1896,剔,刂,tī
1897,晕,日,yūn|yùn
1898,蚌,虫,bàng|bèng
1899,畔,田,pàn
1900,蚣,虫,gōng|zhōng
1901,蚊,虫,wén
1902,蚪,虫,dǒu
1903,蚓,虫,yǐn
1904,哨,口,shào
1905,哩,口,lī|lǐ|li
1906,圃,囗,pǔ
1907,哭,犬,kū
1908,哦,口,ò|ó|é
1909,恩,心,ēn
1910,鸯,鸟,yāng
1911,唤,口,huàn
1912,唁,口,yàn
1913,哼,口,hēng|hng
1914,唧,口,jī
1915,啊,口,ā|a|ǎ|á|à
1916,唉,口,āi|ài
1917,唆,口,suō
1918,罢,罒,bà|pí|ba
1919,峭,山,qiào
1920,峨,山,é
1921,峰,山,fēng
1922,圆,囗,yuán
1923,峻,山,jùn
1924,贼,贝,zéi
1925,贿,贝,huì
1926,赂,贝,lù
1927,赃,贝,zāng
1928,钱,钅,qián
1929,钳,钅,qián
1930,钻,钅,zuàn|zuān
1931,钾,钅,jiǎ
1932,铁,钅,tiě
1933,铃,钅,líng
1934,铅,钅,qiān|yán
1935,缺,缶,quē
1936,氧,气,yǎng
1937,氨,气,ān
1938,特,牜,tè
1939,牺,牜,xī
1940,造,辶,zào
1941,乘,丿,chéng|shèng
1942,敌,攵,dí
1943,秤,禾,chèng
1944,租,禾,zū
1945,积,禾,jī
1946,秧,禾,yāng
1947,秩,禾,zhì
1948,称,禾,chēng|chèn|chèng
1949,秘,禾,mì|bì
1950,透,辶,tòu
1951,笔,,bǐ
1952,笑,竹,xiào
1953,笋,竹,sǔn
1954,债,亻,zhài
1955,借,亻,jiè
1956,值,亻,zhí
1957,倚,亻,yǐ
1958,俺,亻,ǎn
1959,倾,亻,qīng
1960,倒,亻,dǎo|dào
1961,倘,亻,tǎng|cháng
1962,俱,亻,jù|jū
1963,倡,亻,chàng|chāng
1964,候,亻,hòu
1965,赁,贝,lìn
1966,俯,亻,fǔ
1967,倍,亻,bèi
1968,倦,亻,juàn
1969,健,亻,jiàn
1970,臭,自,chòu|xiù
1971,射,身,shè|yè|yì
1972,躬,身,gōng
1973,息,自,xī
1974,倔,亻,juè|jué
1975,徒,彳,tú
1976,徐,彳,xú
1977,殷,殳,yīn|yān|yǐn
1978,舰,舟,jiàn
1979,舱,舟,cāng
1980,般,舟,bān|bō|pán
1981,航,舟,háng
1982,途,辶,tú
1983,拿,手,ná
1984,耸,耳,sǒng
1985,爹,父,diē
1986,舀,臼,yǎo
1987,爱,爫,ài
1988,豺,豸,chái
1989,豹,豸,bào
1990,颁,页,bān
1991,颂,页,sòng
1992,翁,羽,wēng
1993,胰,月,yí
1994,脆,月,cuì
1995,脂,月,zhī
1996,胸,月,xiōng
1997,胳,月,gē|gé
1998,脏,月,zāng|zàng
1999,脐,月,qí
2000,胶,月,jiāo
2001,脑,月,nǎo
2002,脓,月,nóng
2003,逛,辶,guàng
2004,狸,犭,lí
2005,狼,犭,láng
2006,卿,卩,qīng
2007,逢,辶,féng
2008,鸵,鸟,tuó
2009,留,田,liú
2010,鸳,鸟,yuān
2011,皱,皮,zhòu
2012,饿,饣,è
2013,馁,饣,něi
2014,凌,冫,líng
2015,凄,冫,qī
2016,恋,心,liàn
2017,桨,木,jiǎng
2018,浆,水,jiāng|jiàng
2019,衰,亠,shuāi|cuī
2020,衷,衣,zhōng
2021,高,高,gāo
2022,郭,阝,guō
2023,席,广,xí
2024,准,冫,zhǔn
2025,座,广,zuò
2026,症,疒,zhèng|zhēng
2027,病,疒,bìng
2028,疾,疒,jí
2029,斋,文,zhāi
2030,疹,疒,zhěn
2031,疼,疒,téng
2032,疲,疒,pí
2033,脊,月,jǐ
2034,效,攵,xiào
2035,离,亠,lí
2036,紊,糸,wěn
2037,唐,口,táng
2038,瓷,瓦,cí
2039,资,贝,zī
2040,凉,冫,liáng|liàng
2041,站,立,zhàn
2042,剖,刂,pōu
2043,竞,立,jìng
2044,部,阝,bù
2045,旁,方,páng|bàng
2046,旅,方,lǚ
2047,畜,田,chù|xù
2048,阅,门,yuè
2049,羞,羊,xiū
2050,羔,灬,gāo
2051,瓶,瓦,píng
2052,拳,手,quán
2053,粉,米,fěn
2054,料,斗,liào
2055,益,皿,yì
2056,兼,丷,jiān
2057,烤,火,kǎo
2058,烘,火,hōng
2059,烦,火,fán
2060,烧,火,shāo
2061,烛,火,zhú
2062,烟,火,yān
2063,烙,火,lào|luò
2064,递,辶,dì
2065,涛,氵,tāo
2066,浙,氵,zhè
2067,涝,氵,lào
2068,浦,氵,pǔ
2069,酒,氵,jiǔ
2070,涉,氵,shè
2071,消,氵,xiāo
2072,涡,氵,wō|guō
2073,浩,氵,hào
2074,海,氵,hǎi
2075,涂,氵,tú
2076,浴,氵,yù
2077,浮,氵,fú
2078,涣,氵,huàn
2079,涤,氵,dí
2080,流,氵,liú
2081,润,氵,rùn
2082,涧,氵,jiàn
2083,涕,氵,tì
2084,浪,氵,làng
2085,浸,氵,jìn
2086,涨,氵,zhǎng|zhàng
2087,烫,火,tàng
2088,涩,氵,sè
2089,涌,氵,yǒng|chōng
2090,悖,忄,bèi
2091,悟,忄,wù
2092,悄,忄,qiāo|qiǎo
2093,悍,忄,hàn
2094,悔,忄,huǐ
2095,悯,忄,mǐn
2096,悦,忄,yuè
2097,害,宀,hài
2098,宽,宀,kuān
2099,家,宀,jiā|jia|jie
2100,宵,宀,xiāo
2101,宴,宀,yàn
2102,宾,宀,bīn
2103,窍,穴,qiào
2104,窄,穴,zhǎi
2105,容,宀,róng
2106,宰,宀,zǎi
2107,案,木,àn
2108,请,讠,qǐng
2109,朗,月,lǎng
2110,诸,讠,zhū
2111,诺,讠,nuò
2112,读,讠,dú|dòu
2113,扇,户,shàn|shān
2114,诽,讠,fěi
2115,袜,衤,wà
2116,袖,衤,xiù
2117,袍,衤,páo
2118,被,衤,bèi|pī
2119,祥,礻,xiáng
2120,课,讠,kè
2121,冥,冖,míng
2122,谁,讠,shuí|shéi
2123,调,讠,diào|tiáo|zhōu
2124,冤,冖,yuān
2125,谅,讠,liàng
2126,谆,讠,zhūn
2127,谈,讠,tán
2128,谊,讠,yì
2129,剥,刂,bāo|bō
2130,恳,心,kěn
2131,展,尸,zhǎn
2132,剧,刂,jù
2133,屑,尸,xiè
2134,弱,弓,ruò
2135,陵,阝,líng
2136,祟,示,suì
2137,陶,阝,táo|yáo
2138,陷,阝,xiàn
2139,陪,阝,péi
2140,娱,女,yú
2141,娟,女,juān
2142,恕,心,shù
2143,娥,女,é
2144,娘,女,niáng
2145,通,辶,tōng|tòng
2146,能,厶,néng|nài
2147,难,隹,nán|nàn|nuó
2148,预,页,yù
2149,桑,木,sāng
2150,绢,纟,juàn
2151,绣,纟,xiù
2152,验,马,yàn
2153,继,纟,jì
2154,骏,马,jùn
2155,球,王,qiú
2156,琐,王,suǒ
2157,理,王,lǐ
2158,琉,王,liú
2159,琅,王,láng
2160,捧,扌,pěng
2161,堵,土,dǔ
2162,措,扌,cuò
2163,描,扌,miáo
2164,域,土,yù
2165,捺,扌,nà
2166,掩,扌,yǎn
2167,捷,扌,jié
2168,排,扌,pái|pǎi
2169,焉,灬,yān
2170,掉,扌,diào
2171,捶,扌,chuí
2172,赦,赤,shè
2173,堆,土,duī
2174,推,扌,tuī
2175,埠,土,bù
2176,掀,扌,xiān
2177,授,扌,shòu
2178,捻,扌,niǎn|niē
2179,教,攵,jiào|jiāo
2180,掏,扌,tāo
2181,掐,扌,qiā
2182,掠,扌,lüè
2183,掂,扌,diān
2184,培,土,péi
2185,接,扌,jiē
2186,掷,扌,zhì
2187,控,扌,kòng
2188,探,扌,tàn
2189,据,扌,jù|jū
2190,掘,扌,jué
2191,掺,扌,chān|càn|shǎn|xiān
2192,职,耳,zhí
2193,基,土,jī
2194,聆,耳,líng
2195,勘,力,kān
2196,聊,耳,liáo
2197,娶,女,qǔ
2198,著,艹,zhù|zhuó|zhe
2199,菱,艹,líng
2200,勒,力,lè|lēi
2201,黄,黄,huáng
2202,菲,艹,fēi|fěi
2203,萌,艹,méng
2204,萝,艹,luó
2205,菌,艹,jūn|jùn
2206,萎,艹,wěi
2207,菜,艹,cài
2208,萄,艹,táo
2209,菊,艹,jú
2210,菩,艹,pú
2211,萍,艹,píng
2212,菠,艹,bō
2213,萤,艹,yíng
2214,营,艹,yíng
2215,乾,乙,qián|gān
2216,萧,艹,xiāo
2217,萨,艹,sà
2218,菇,艹,gū
2219,械,木,xiè
2220,彬,彡,bīn
2221,梦,夕,mèng
2222,婪,女,lán
2223,梗,木,gěng
2224,梧,木,wú
2225,梢,木,shāo|sào
2226,梅,木,méi
2227,检,木,jiǎn
2228,梳,木,shū
2229,梯,木,tī
2230,桶,木,tǒng
2231,梭,木,suō
2232,救,攵,jiù
2233,曹,曰,cáo
2234,副,刂,fù|pì
2235,票,示,piào|piāo
2236,酝,酉,yùn
2237,酗,酉,xù
2238,厢,厂,xiāng
2239,戚,戈,qī
2240,硅,石,guī
2241,硕,石,shuò|shí
2242,奢,大,shē
2243,盔,皿,kuī
2244,爽,爻,shuǎng
2245,聋,耳,lóng
2246,袭,衣,xí
2247,盛,皿,shèng|chéng
2248,匾,匚,biǎn
2249,雪,雨,xuě
2250,辅,车,fǔ
2251,辆,车,liàng
2252,颅,页,lú
2253,虚,虍,xū
2254,彪,彡,biāo
2255,雀,小,què|qiǎo|qiāo
2256,堂,土,táng
2257,常,巾,cháng
2258,眶,目,kuàng
2259,匙,匕,chí|shi
2260,晨,日,chén
2261,睁,目,zhēng
2262,眯,目,mī|mí
2263,眼,目,yǎn
2264,悬,心,xuán
2265,野,里,yě
2266,啪,口,pā
2267,啦,口,lā|la
2268,曼,曰,màn
2269,晦,日,huì
2270,晚,日,wǎn
2271,啄,口,zhuó
2272,啡,口,fēi
2273,距,足,jù
2274,趾,足,zhǐ
2275,啃,口,kěn
2276,跃,足,yuè
2277,略,田,lüè
2278,蚯,虫,qiū
2279,蛀,虫,zhù
2280,蛇,虫,shé|yí
2281,唬,口,hǔ|xià
2282,累,糸,lèi|lěi|léi
2283,鄂,阝,è
2284,唱,口,chàng
2285,患,心,huàn
2286,啰,口,luō|luó|luo
2287,唾,口,tuò
2288,唯,口,wéi
2289,啤,口,pí
2290,啥,口,shá
2291,啸,口,xiào
2292,崖,山,yá
2293,崎,山,qí
2294,崭,山,zhǎn|chán
2295,逻,辶,luó
2296,崔,山,cuī
2297,帷,巾,wéi
2298,崩,山,bēng
2299,崇,山,chóng
2300,崛,山,jué
2301,婴,女,yīng
2302,圈,囗,quān|juàn|juān
2303,铐,钅,kào
2304,铛,钅,chēng|dāng
2305,铝,钅,lǚ
2306,铜,钅,tóng
2307,铭,钅,míng
2308,铲,钅,chǎn
2309,银,钅,yín
2310,矫,矢,jiǎo|jiáo
2311,甜,舌,tián
2312,秸,禾,jiē
2313,梨,木,lí
2314,犁,牛,lí
2315,秽,禾,huì
2316,移,禾,yí
2317,笨,竹,bèn
2318,笼,竹,lóng|lǒng
2319,笛,竹,dí
2320,笙,竹,shēng
2321,符,竹,fú
2322,第,竹,dì
2323,敏,攵,mǐn
2324,做,亻,zuò
2325,袋,衣,dài
2326,悠,心,yōu
2327,偿,亻,cháng
2328,偶,亻,ǒu
2329,偎,亻,wēi
2330,偷,亻,tōu
2331,您,心,nín
2332,售,口,shòu
2333,停,亻,tíng
2334,偏,亻,piān
2335,躯,身,qū
2336,兜,儿,dōu
2337,假,亻,jiǎ|jià
2338,衅,血,xìn
2339,徘,彳,pái
2340,徙,彳,xǐ
2341,得,彳,dé|de|děi
2342,衔,彳,xián
2343,盘,皿,pán
2344,舶,舟,bó
2345,船,舟,chuán
2346,舵,舟,duò
2347,斜,斗,xié
2348,盒,人,hé
2349,鸽,鸟,gē
2350,敛,攵,liǎn
2351,悉,心,xī
2352,欲,欠,yù
2353,彩,彡,cǎi
2354,领,页,lǐng
2355,脚,月,jiǎo|jué
2356,脖,月,bó
2357,脯,月,fǔ|pú
2358,豚,豕,tún
2359,脸,月,liǎn
2360,脱,月,tuō
2361,象,⺈,xiàng
2362,够,夕,gòu
2363,逸,辶,yì
2364,猜,犭,cāi
2365,猪,犭,zhū
2366,猎,犭,liè
2367,猫,犭,māo|máo
2368,凰,几,huáng
2369,猖,犭,chāng
2370,猛,犭,měng
2371,祭,示,jì|zhài
2372,馅,饣,xiàn
2373,馆,饣,guǎn
2374,凑,冫,còu
2375,减,冫,jiǎn
2376,毫,亠,háo
2377,烹,灬,pēng
2378,庶,广,shù
2379,麻,麻,má
2380,庵,广,ān
2381,痊,疒,quán
2382,痒,疒,yǎng
2383,痕,疒,hén
2384,廊,广,láng
2385,康,广,kāng
2386,庸,广,yōng
2387,鹿,鹿,lù
2388,盗,皿,dào
2389,章,立,zhāng
2390,竟,立,jìng
2391,商,亠,shāng
2392,族,方,zú
2393,旋,方,xuán|xuàn
2394,望,月,wàng
2395,率,亠,lǜ|shuài
2396,阎,门,yán
2397,阐,门,chǎn
2398,着,目,zhe|zhuó|zháo|zhāo
2399,羚,羊,líng
2400,盖,皿,gài|gě|hé
2401,眷,目,juàn
2402,粘,米,nián|zhān
2403,粗,米,cū
2404,粒,米,lì
2405,断,斤,duàn
2406,剪,刀,jiǎn
2407,兽,丷,shòu
2408,焊,火,hàn
2409,焕,火,huàn
2410,清,氵,qīng
2411,添,氵,tiān
2412,鸿,氵,hóng
2413,淋,氵,lín|lìn
2414,涯,氵,yá
2415,淹,氵,yān
2416,渠,木,qú|jù
2417,渐,氵,jiàn|jiān
2418,淑,氵,shū
2419,淌,氵,tǎng|chǎng
2420,混,氵,hùn|hún
2421,淮,氵,huái
2422,淆,氵,xiáo
2423,渊,氵,yuān
2424,淫,氵,yín
2425,渔,氵,yú
2426,淘,氵,táo
2427,淳,氵,chún|zhūn
2428,液,氵,yè
2429,淤,氵,yū
2430,淡,氵,dàn
2431,淀,氵,diàn
2432,深,氵,shēn
2433,涮,氵,shuàn
2434,涵,氵,hán
2435,婆,女,pó
2436,梁,木,liáng
2437,渗,氵,shèn
2438,情,忄,qíng
2439,惜,忄,xī
2440,惭,忄,cán
2441,悼,忄,dào
2442,惧,忄,jù
2443,惕,忄,tì
2444,惟,忄,wéi
2445,惊,忄,jīng
2446,惦,忄,diàn
2447,悴,忄,cuì
2448,惋,忄,wǎn
2449,惨,忄,cǎn
2450,惯,忄,guàn
2451,寇,宀,kòu
2452,寅,宀,yín
2453,寄,宀,jì
2454,寂,宀,jì
2455,宿,宀,sù|xiǔ|xiù
2456,窒,穴,zhì
2457,窑,穴,yáo
2458,密,宀,mì
2459,谋,讠,móu
2460,谍,讠,dié
2461,谎,讠,huǎng
2462,谐,讠,xié
2463,袱,衤,fú
2464,祷,礻,dǎo
2465,祸,礻,huò
2466,谓,讠,wèi
2467,谚,讠,yàn
2468,谜,讠,mí|mèi
2469,逮,辶,dǎi|dài
2470,敢,攵,gǎn
2471,尉,寸,wèi|yù
2472,屠,尸,tú
2473,弹,弓,dàn|tán
2474,隋,阝,suí|duò
2475,堕,土,duò|huī
2476,随,阝,suí
2477,蛋,疋,dàn
2478,隅,阝,yú
2479,隆,阝,lóng
2480,隐,阝,yǐn|yìn
2481,婚,女,hūn
2482,婶,女,shěn
2483,婉,女,wǎn
2484,颇,皮,pō
2485,颈,页,jǐng|gěng
2486,绩,纟,jì
2487,绪,纟,xù
2488,续,纟,xù
2489,骑,马,qí
2490,绰,纟,chuò|chāo
2491,绳,纟,shéng
2492,维,纟,wéi
2493,绵,纟,mián
2494,绷,纟,bēng|běng|bèng
2495,绸,纟,chóu
2496,综,纟,zōng|zèng
2497,绽,纟,zhàn
2498,绿,纟,lǜ|lù
2499,缀,纟,zhuì
2500,巢,巛,cháo
2501,琴,王,qín
2502,琳,王,lín
2503,琢,王,zhuó|zuó
2504,琼,王,qióng
2505,斑,文,bān
2506,替,曰,tì
2507,揍,扌,zòu
2508,款,欠,kuǎn
2509,堪,土,kān
2510,塔,土,tǎ
2511,搭,扌,dā
2512,堰,土,yàn
2513,揩,扌,kāi
2514,越,走,yuè
2515,趁,走,chèn
2516,趋,走,qū|cù
2517,超,走,chāo
2518,揽,扌,lǎn
2519,堤,土,dī
2520,提,扌,tí|dī|dǐ
2521,博,十,bó
2522,揭,扌,jiē|qì
2523,喜,士,xǐ
2524,彭,彡,péng|bāng
2525,揣,扌,chuāi|chuǎi|chuài|tuán|zhuī
2526,插,扌,chā
2527,揪,扌,jiū
2528,搜,扌,sōu
2529,煮,灬,zhǔ
2530,援,扌,yuán
2531,搀,扌,chān
2532,裁,衣,cái
2533,搁,扌,gē|gé
2534,搓,扌,cuō
2535,搂,扌,lōu|lǒu
2536,搅,扌,jiǎo
2537,壹,士,yī
2538,握,扌,wò
2539,搔,扌,sāo
2540,揉,扌,róu
2541,斯,斤,sī
2542,期,月,qī|jī
2543,欺,欠,qī
2544,联,耳,lián
2545,葫,艹,hú
2546,散,攵,sàn|sǎn
2547,惹,心,rě
2548,葬,艹,zàng
2549,募,力,mù
2550,葛,艹,gě|gé
2551,董,艹,dǒng
2552,葡,艹,pú
2553,敬,攵,jìng
2554,葱,艹,cōng
2555,蒋,艹,jiǎng
2556,蒂,艹,dì
2557,落,艹,là|lào|luō|luò
2558,韩,韦,hán
2559,朝,月,cháo|zhāo
2560,辜,辛,gū
2561,葵,艹,kuí
2562,棒,木,bàng
2563,棱,木,léng|lēng|líng
2564,棋,木,qí
2565,椰,木,yē
2566,植,木,zhí
2567,森,木,sēn
2568,焚,火,fén
2569,椅,木,yǐ|yī
2570,椒,木,jiāo
2571,棵,木,kē
2572,棍,木,gùn|hùn
2573,椎,木,zhuī|chuí
2574,棉,木,mián
2575,棚,木,péng
2576,棕,木,zōng
2577,棺,木,guān
2578,榔,木,láng
2579,椭,木,tuǒ
2580,惠,心,huì
2581,惑,心,huò
2582,逼,辶,bī
2583,粟,米,sù
2584,棘,木,jí
2585,酣,酉,hān
2586,酥,酉,sū
2587,厨,厂,chú
2588,厦,厂,shà|xià
2589,硬,石,yìng
2590,硝,石,xiāo
2591,确,石,què
2592,硫,石,liú
2593,雁,厂,yàn
2594,殖,歹,zhí|shi
2595,裂,衣,liè|liě
2596,雄,隹,xióng
2597,颊,页,jiá
2598,雳,雨,lì
2599,暂,日,zàn
2600,雅,隹,yǎ|yā
2601,翘,羽,qiào|qiáo
2602,辈,车,bèi
2603,悲,非,bēi
2604,紫,糸,zǐ
2605,凿,凵,záo
2606,辉,车,huī
2607,敞,攵,chǎng
2608,棠,木,táng
2609,赏,贝,shǎng
2610,掌,手,zhǎng
2611,晴,日,qíng
2612,睐,目,lài
2613,暑,日,shǔ
2614,最,曰,zuì
2615,晰,日,xī
2616,量,里,liàng|liáng
2617,鼎,鼎,dǐng
2618,喷,口,pēn|pèn
2619,喳,口,zhā|chā
2620,晶,日,jīng
2621,喇,口,lā|lá|lǎ
2622,遇,辶,yù
2623,喊,口,hǎn
2624,遏,辶,è
2625,晾,日,liàng
2626,景,日,jǐng|yǐng
2627,畴,田,chóu
2628,践,足,jiàn
2629,跋,足,bá
2630,跌,足,diē
2631,跑,足,pǎo|páo
2632,跛,足,bǒ
2633,遗,辶,yí|wèi
2634,蛙,虫,wā
2635,蛛,虫,zhū
2636,蜓,虫,tíng
2637,蜒,虫,yán
2638,蛤,虫,gé|há
2639,喝,口,hē|hè|yè
2640,鹃,鸟,juān
2641,喂,口,wèi
2642,喘,口,chuǎn
2643,喉,口,hóu
2644,喻,口,yù
2645,啼,口,tí
2646,喧,口,xuān
2647,嵌,山,qiàn|kàn
2648,幅,巾,fú
2649,帽,巾,mào
2650,赋,贝,fù
2651,赌,贝,dǔ
2652,赎,贝,shú
2653,赐,贝,cì
2654,赔,贝,péi
2655,黑,黑,hēi
2656,铸,钅,zhù
2657,铺,钅,pù|pū
2658,链,钅,liàn
2659,销,钅,xiāo
2660,锁,钅,suǒ
2661,锄,钅,chú
2662,锅,钅,guō
2663,锈,钅,xiù
2664,锋,钅,fēng
2665,锌,钅,xīn
2666,锐,钅,ruì
2667,甥,生,shēng
2668,掰,手,bāi
2669,短,矢,duǎn
2670,智,日,zhì
2671,氮,气,dàn
2672,毯,毛,tǎn
2673,氯,气,lǜ
2674,鹅,鸟,é
2675,剩,刂,shèng
2676,稍,禾,shāo|shào
2677,程,禾,chéng
2678,稀,禾,xī
2679,税,禾,shuì
2680,筐,竹,kuāng
2681,等,竹,děng
2682,筑,竹,zhù|zhú
2683,策,竹,cè
2684,筛,竹,shāi
2685,筒,竹,tǒng
2686,筏,竹,fá
2687,答,竹,dá|dā
2688,筋,竹,jīn
2689,筝,竹,zhēng
2690,傲,亻,ào
2691,傅,亻,fù
2692,牌,片,pái
2693,堡,土,pù|bǎo|bǔ
2694,集,隹,jí
2695,焦,灬,jiāo
2696,傍,亻,bàng
2697,储,亻,chǔ
2698,皓,白,hào
2699,皖,白,wǎn
2700,粤,米,yuè
2701,奥,大,ào|yù
2702,街,行,jiē
2703,惩,心,chéng
2704,御,彳,yù
2705,循,彳,xún
2706,艇,舟,tǐng
2707,舒,人,shū
2708,逾,辶,yú
2709,番,采,fān|pān
2710,释,采,shì
2711,禽,人,qín
2712,腊,月,là|xī
2713,脾,月,pí
2714,腋,月,yè
2715,腔,月,qiāng
2716,腕,月,wàn
2717,鲁,鱼,lǔ
2718,猩,犭,xīng
2719,猬,犭,wèi
2720,猾,犭,huá
2721,猴,犭,hóu
2722,惫,心,bèi
2723,然,灬,rán
2724,馈,饣,kuì
2725,馋,饣,chán
2726,装,衣,zhuāng
2727,蛮,虫,mán
2728,就,亠,jiù
2729,敦,攵,dūn|duì
2730,斌,文,bīn
2731,痘,疒,dòu
2732,痢,疒,lì
2733,痪,疒,huàn
2734,痛,疒,tòng
2735,童,立,tóng
2736,竣,立,jùn
2737,阔,门,kuò
2738,善,口,shàn
2739,翔,羽,xiáng
2740,羡,羊,xiàn
2741,普,日,pǔ
2742,粪,米,fèn
2743,尊,寸,zūn
2744,奠,大,diàn
2745,道,辶,dào
2746,遂,辶,suì|suí
2747,曾,曰,zēng|céng
2748,焰,火,yàn
2749,港,氵,gǎng|jiǎng
2750,滞,氵,zhì
2751,湖,氵,hú
2752,湘,氵,xiāng
2753,渣,氵,zhā
2754,渤,氵,bó
2755,渺,氵,miǎo
2756,湿,氵,shī
2757,温,氵,wēn
2758,渴,氵,kě
2759,溃,氵,kuì|huì
2760,溅,氵,jiàn|jiān
2761,滑,氵,huá
2762,湃,氵,pài
2763,渝,氵,yú
2764,湾,氵,wān
2765,渡,氵,dù
2766,游,氵,yóu
2767,滋,氵,zī
2768,渲,氵,xuàn
2769,溉,氵,gài
2770,愤,忄,fèn
2771,慌,忄,huāng
2772,惰,忄,duò
2773,愕,忄,è
2774,愣,忄,lèng
2775,惶,忄,huáng
2776,愧,忄,kuì
2777,愉,忄,yú|tōu
2778,慨,忄,kǎi
2779,割,刂,gē
2780,寒,宀,hán
2781,富,宀,fù
2782,寓,宀,yù
2783,窜,穴,cuàn
2784,窝,穴,wō
2785,窖,穴,jiào
2786,窗,穴,chuāng
2787,窘,穴,jiǒng
2788,遍,辶,biàn
2789,雇,隹,gù
2790,裕,衤,yù
2791,裤,衤,kù
2792,裙,衤,qún
2793,禅,礻,chán|shàn
2794,禄,礻,lù
2795,谢,讠,xiè
2796,谣,讠,yáo
2797,谤,讠,bàng
2798,谦,讠,qiān
2799,犀,尸,xī
2800,属,尸,shǔ|zhǔ
2801,屡,尸,lǚ
2802,强,弓,qiáng|qiǎng|jiàng
2803,粥,米,zhōu|yù
2804,疏,疋,shū
2805,隔,阝,gé
2806,隙,阝,xì
2807,隘,阝,ài
2808,媒,女,méi
2809,絮,糸,xù
2810,嫂,女,sǎo
2811,媚,女,mèi
2812,婿,女,xù
2813,登,癶,dēng
2814,缅,纟,miǎn
2815,缆,纟,lǎn
2816,缉,纟,jī|qī
2817,缎,纟,duàn
2818,缓,纟,huǎn
2819,缔,纟,dì
2820,缕,纟,lǚ
2821,骗,马,piàn
2822,编,纟,biān
2823,骚,马,sāo|sǎo
2824,缘,纟,yuán
2825,瑟,王,sè
2826,鹉,鸟,wǔ
2827,瑞,王,ruì
2828,瑰,王,guī
2829,瑙,王,nǎo
2830,魂,鬼,hún
2831,肆,聿,sì
2832,摄,扌,shè|niè
2833,摸,扌,mō
2834,填,土,tián|zhèn
2835,搏,扌,bó
2836,塌,土,tā
2837,鼓,鼓,gǔ
2838,摆,扌,bǎi
2839,携,扌,xié
2840,搬,扌,bān
2841,摇,扌,yáo
2842,搞,扌,gǎo
2843,塘,土,táng
2844,摊,扌,tān
2845,聘,耳,pìn
2846,斟,斗,zhēn
2847,蒜,艹,suàn
2848,勤,力,qín
2849,靴,革,xuē
2850,靶,革,bǎ
2851,鹊,鸟,què
2852,蓝,艹,lán
2853,墓,土,mù
2854,幕,巾,mù
2855,蓬,艹,péng
2856,蓄,艹,xù
2857,蒲,艹,pú
2858,蓉,艹,róng
2859,蒙,艹,méng|mēng|měng
2860,蒸,艹,zhēng
2861,献,犬,xiàn
2862,椿,木,chūn
2863,禁,示,jìn|jīn
2864,楚,木,chǔ
2865,楷,木,kǎi|jiē
2866,榄,木,lǎn
2867,想,心,xiǎng
2868,槐,木,huái
2869,榆,木,yú
2870,楼,木,lóu
2871,概,木,gài
2872,赖,⺈,lài
2873,酪,酉,lào
2874,酬,酉,chóu
2875,感,心,gǎn
2876,碍,石,ài
2877,碘,石,diǎn
2878,碑,石,bēi
2879,碎,石,suì
2880,碰,石,pèng
2881,碗,石,wǎn
2882,碌,石,lù|liù
2883,尴,尢,gān
2884,雷,雨,léi
2885,零,雨,líng
2886,雾,雨,wù
2887,雹,雨,báo
2888,辐,车,fú
2889,辑,车,jí
2890,输,车,shū
2891,督,目,dū
2892,频,页,pín|bīn
2893,龄,齿,líng
2894,鉴,金,jiàn
2895,睛,目,jīng
2896,睹,目,dǔ
2897,睦,目,mù
2898,瞄,目,miáo
2899,睫,目,jié
2900,睡,目,shuì
2901,睬,目,cǎi
2902,嗜,口,shì
2903,鄙,阝,bǐ
2904,嗦,口,suō
2905,愚,心,yú
2906,暖,日,nuǎn
2907,盟,皿,méng
2908,歇,欠,xiē
2909,暗,日,àn
2910,暇,日,xiá
2911,照,灬,zhào
2912,畸,田,jī
2913,跨,足,kuà
2914,跷,足,qiāo
2915,跳,足,tiào|táo
2916,跺,足,duò
2917,跪,足,guì
2918,路,足,lù
2919,跤,足,jiāo
2920,跟,足,gēn
2921,遣,辶,qiǎn
2922,蜈,虫,wú
2923,蜗,虫,wō
2924,蛾,虫,é|yǐ
2925,蜂,虫,fēng
2926,蜕,虫,tuì
2927,嗅,口,xiù
2928,嗡,口,wēng
2929,嗓,口,sǎng
2930,署,罒,shǔ
2931,置,罒,zhì
2932,罪,罒,zuì
2933,罩,罒,zhào
2934,蜀,虫,shǔ
2935,幌,巾,huǎng
2936,错,钅,cuò
2937,锚,钅,máo
2938,锡,钅,xī
2939,锣,钅,luó
2940,锤,钅,chuí
2941,锥,钅,zhuī
2942,锦,钅,jǐn
2943,键,钅,jiàn
2944,锯,钅,jù|jū
2945,锰,钅,měng
2946,矮,矢,ǎi
2947,辞,辛,cí
2948,稚,禾,zhì
2949,稠,禾,chóu
2950,颓,页,tuí
2951,愁,心,chóu
2952,筹,竹,chóu
2953,签,竹,qiān
2954,简,竹,jiǎn
2955,筷,竹,kuài
2956,毁,殳,huǐ
2957,舅,臼,jiù
2958,鼠,鼠,shǔ
2959,催,亻,cuī
2960,傻,亻,shǎ
2961,像,亻,xiàng
2962,躲,身,duǒ
2963,魁,鬼,kuí
2964,衙,彳,yá
2965,微,彳,wēi
2966,愈,心,yù
2967,遥,辶,yáo
2968,腻,月,nì
2969,腰,月,yāo
2970,腥,月,xīng
2971,腮,月,sāi
2972,腹,月,fù
2973,腺,月,xiàn
2974,鹏,鸟,péng
2975,腾,月,téng
2976,腿,月,tuǐ
2977,鲍,鱼,bào
2978,猿,犭,yuán
2979,颖,页,yǐng
2980,触,角,chù
2981,解,角,jiě|jiè|xiè
2982,煞,灬,shà|shā
2983,雏,隹,chú
2984,馍,饣,mó
2985,馏,饣,liú|liù
2986,酱,酉,jiàng
2987,禀,示,bǐng
2988,痹,疒,bì
2989,廓,广,kuò
2990,痴,疒,chī
2991,痰,疒,tán
2992,廉,广,lián
2993,靖,立,jìng
2994,新,斤,xīn
2995,韵,音,yùn
2996,意,心,yì
2997,誊,言,téng
2998,粮,米,liáng
2999,数,攵,shù|shǔ|shuò
3000,煎,灬,jiān
3001,塑,土,sù
3002,慈,心,cí
3003,煤,火,méi
3004,煌,火,huáng
3005,满,氵,mǎn
3006,漠,氵,mò
3007,滇,氵,diān
3008,源,氵,yuán
3009,滤,氵,lǜ
3010,滥,氵,làn
3011,滔,氵,tāo
3012,溪,氵,xī
3013,溜,氵,liū|liù
3014,漓,氵,lí
3015,滚,氵,gǔn
3016,溢,氵,yì
3017,溯,氵,sù
3018,滨,氵,bīn
3019,溶,氵,róng
3020,溺,氵,nì|niào
3021,粱,米,liáng
3022,滩,氵,tān
3023,慎,忄,shèn
3024,誉,言,yù
3025,塞,土,sāi|sè|sài
3026,寞,宀,mò
3027,窥,穴,kuī
3028,窟,穴,kū
3029,寝,宀,qǐn
3030,谨,讠,jǐn
3031,褂,衤,guà
3032,裸,衤,luǒ
3033,福,礻,fú
3034,谬,讠,miù
3035,群,羊,qún
3036,殿,殳,diàn
3037,辟,辛,bì|pī|pì
3038,障,阝,zhàng
3039,媳,女,xí
3040,嫉,女,jí
3041,嫌,女,xián
3042,嫁,女,jià
3043,叠,又,dié
3044,缚,纟,fù
3045,缝,纟,fèng|féng
3046,缠,纟,chán
3047,缤,纟,bīn
3048,剿,刂,jiǎo|chāo
3049,静,青,jìng
3050,碧,石,bì
3051,璃,王,lí
3052,赘,贝,zhuì
3053,熬,灬,áo|āo
3054,墙,土,qiáng
3055,墟,土,xū
3056,嘉,口,jiā
3057,摧,扌,cuī
3058,赫,赤,hè
3059,截,戈,jié
3060,誓,言,shì
3061,境,土,jìng
3062,摘,扌,zhāi
3063,摔,扌,shuāi
3064,撇,扌,piě|piē
3065,聚,耳,jù
3066,慕,艹,mù
3067,暮,日,mù
3068,摹,手,mó
3069,蔓,艹,màn|wàn|mán
3070,蔑,艹,miè
3071,蔡,艹,cài
3072,蔗,艹,zhè
3073,蔽,艹,bì
3074,蔼,艹,ǎi
3075,熙,灬,xī
3076,蔚,艹,wèi|yù
3077,兢,十,jīng
3078,模,木,mó|mú
3079,槛,木,kǎn|jiàn
3080,榴,木,liú
3081,榜,木,bǎng|bàng
3082,榨,木,zhà
3083,榕,木,róng
3084,歌,欠,gē
3085,遭,辶,zāo
3086,酵,酉,jiào
3087,酷,酉,kù
3088,酿,酉,niàng
3089,酸,酉,suān
3090,碟,石,dié
3091,碱,石,jiǎn
3092,碳,石,tàn
3093,磁,石,cí
3094,愿,心,yuàn
3095,需,雨,xū
3096,辖,车,xiá
3097,辗,车,niǎn|zhǎn
3098,雌,隹,cí
3099,裳,衣,cháng|shang
3100,颗,页,kē
3101,瞅,目,chǒu
3102,墅,土,shù
3103,嗽,口,sòu
3104,踊,足,yǒng
3105,蜻,虫,qīng
3106,蜡,虫,là|zhà
3107,蝇,虫,yíng
3108,蜘,虫,zhī
3109,蝉,虫,chán
3110,嘛,口,ma|má
3111,嘀,口,dí
3112,赚,贝,zhuàn|zuàn
3113,锹,钅,qiāo
3114,锻,钅,duàn
3115,镀,钅,dù
3116,舞,夕,wǔ
3117,舔,舌,tiǎn
3118,稳,禾,wěn
3119,熏,灬,xūn|xùn
3120,箕,竹,jī
3121,算,竹,suàn
3122,箩,竹,luó
3123,管,竹,guǎn
3124,箫,,xiāo
3125,舆,臼,yú
3126,僚,亻,liáo
3127,僧,亻,sēng
3128,鼻,鼻,bí
3129,魄,白,pò
3130,魅,鬼,mèi
3131,貌,豸,mào
3132,膜,月,mó
3133,膊,月,bó
3134,膀,月,bǎng|páng|pāng
3135,鲜,鱼,xiān|xiǎn
3136,疑,匕,yí|nǐ
3137,孵,爫,fū
3138,馒,饣,mán
3139,裹,亠,guǒ
3140,敲,攴,qiāo
3141,豪,豕,háo
3142,膏,月,gāo|gào
3143,遮,辶,zhē
3144,腐,肉,fǔ
3145,瘩,疒,da|dá
3146,瘟,疒,wēn
3147,瘦,疒,shòu
3148,辣,辛,là
3149,彰,彡,zhāng
3150,竭,立,jié
3151,端,立,duān
3152,旗,方,qí
3153,精,米,jīng
3154,粹,米,cuì
3155,歉,欠,qiàn
3156,弊,廾,bì
3157,熄,火,xī
3158,熔,火,róng
3159,煽,火,shān
3160,潇,氵,xiāo
3161,漆,氵,qī
3162,漱,氵,shù
3163,漂,氵,piāo|piǎo|piào
3164,漫,氵,màn
3165,滴,氵,dī
3166,漾,氵,yàng
3167,演,氵,yǎn
3168,漏,氵,lòu
3169,慢,忄,màn
3170,慷,忄,kāng
3171,寨,宀,zhài
3172,赛,宀,sài
3173,寡,宀,guǎ
3174,察,宀,chá
3175,蜜,虫,mì
3176,寥,宀,liáo
3177,谭,讠,tán
3178,肇,聿,zhào
3179,褐,衤,hè
3180,褪,衤,tùn|tuì
3181,谱,讠,pǔ
3182,隧,阝,suì
3183,嫩,女,nèn
3184,翠,羽,cuì
3185,熊,灬,xióng
3186,凳,几,dèng
3187,骡,马,luó
3188,缩,纟,suō|sù
3189,慧,心,huì
3190,撵,扌,niǎn
3191,撕,扌,sī
3192,撒,扌,sā|sǎ
3193,撩,扌,liáo|liāo
3194,趣,走,qù|cù
3195,趟,走,tàng|tāng
3196,撑,扌,chēng
3197,撮,扌,cuō|zuǒ
3198,撬,扌,qiào
3199,播,扌,bō
3200,擒,扌,qín
3201,墩,土,dūn
3202,撞,扌,zhuàng
3203,撤,扌,chè
3204,增,土,zēng
3205,撰,扌,zhuàn
3206,聪,耳,cōng
3207,鞋,革,xié
3208,鞍,革,ān
3209,蕉,艹,jiāo
3210,蕊,艹,ruǐ
3211,蔬,艹,shū
3212,蕴,艹,yùn
3213,横,木,héng|hèng
3214,槽,木,cáo
3215,樱,木,yīng
3216,橡,木,xiàng
3217,樟,木,zhāng
3218,橄,木,gǎn
3219,敷,攵,fū
3220,豌,豆,wān
3221,飘,风,piāo
3222,醋,酉,cù
3223,醇,酉,chún
3224,醉,酉,zuì
3225,磕,石,kē
3226,磊,石,lěi
3227,磅,石,bàng|páng
3228,碾,石,niǎn
3229,震,雨,zhèn
3230,霄,雨,xiāo
3231,霉,雨,méi
3232,瞒,目,mán|mén
3233,题,页,tí
3234,暴,日,bào|pù
3235,瞎,目,xiā
3236,嘻,口,xī
3237,嘶,口,sī
3238,嘲,口,cháo|zhāo
3239,嘹,口,liáo
3240,影,彡,yǐng
3241,踢,足,tī
3242,踏,足,tà|tā
3243,踩,足,cǎi
3244,踪,足,zōng
3245,蝶,虫,dié
3246,蝴,虫,hú
3247,蝠,虫,fú
3248,蝎,虫,xiē
3249,蝌,虫,kē
3250,蝗,虫,huáng
3251,蝙,虫,biān
3252,嘿,口,hēi|mò
3253,嘱,口,zhǔ
3254,幢,巾,zhuàng|chuáng
3255,墨,土,mò
3256,镇,钅,zhèn
3257,镐,钅,hào|gǎo
3258,镑,钅,bàng
3259,靠,非,kào
3260,稽,禾,jī|qǐ
3261,稻,禾,dào
3262,黎,氺,lí
3263,稿,禾,gǎo
3264,稼,禾,jià
3265,箱,竹,xiāng
3266,篓,竹,lǒu
3267,箭,竹,jiàn
3268,篇,竹,piān
3269,僵,亻,jiāng
3270,躺,身,tǎng
3271,僻,亻,pì
3272,德,彳,dé
3273,艘,舟,sōu
3274,膝,月,xī
3275,膛,月,táng
3276,鲤,鱼,lǐ
3277,鲫,鱼,jì
3278,熟,灬,shú|shóu
3279,摩,手,mó|mā
3280,褒,衣,bāo
3281,瘪,疒,biě|biē
3282,瘤,疒,liú
3283,瘫,疒,tān
3284,凛,冫,lǐn
3285,颜,页,yán
3286,毅,殳,yì
3287,糊,米,hú|hū|hù
3288,遵,辶,zūn
3289,憋,心,biē
3290,潜,氵,qián
3291,澎,氵,péng|pēng
3292,潮,氵,cháo
3293,潭,氵,tán
3294,鲨,鱼,shā
3295,澳,氵,ào
3296,潘,氵,pān
3297,澈,氵,chè
3298,澜,氵,lán
3299,澄,氵,chéng|dèng
3300,懂,忄,dǒng
3301,憔,忄,qiáo
3302,懊,忄,ào
3303,憎,忄,zēng
3304,额,页,é
3305,翩,羽,piān
3306,褥,衤,rù
3307,谴,讠,qiǎn
3308,鹤,鸟,hè
3309,憨,心,hān
3310,慰,心,wèi
3311,劈,刀,pī|pǐ
3312,履,尸,lǚ
3313,豫,豕,yù
3314,缭,纟,liáo
3315,撼,扌,hàn
3316,擂,扌,lèi|léi
3317,操,扌,cāo
3318,擅,扌,shàn
3319,燕,灬,yàn|yān
3320,蕾,艹,lěi
3321,薯,艹,shǔ
3322,薛,艹,xuē
3323,薇,艹,wēi
3324,擎,手,qíng
3325,薪,艹,xīn
3326,薄,艹,báo|bó|bò
3327,颠,页,diān
3328,翰,羽,hàn
3329,噩,王,è
3330,橱,木,chú
3331,橙,木,chéng
3332,橘,木,jú
3333,整,攵,zhěng
3334,融,鬲,róng
3335,瓢,瓜,piáo
3336,醒,酉,xǐng
3337,霍,雨,huò
3338,霎,雨,shà
3339,辙,车,zhé
3340,冀,八,jì
3341,餐,食,cān
3342,嘴,口,zuǐ
3343,踱,足,duó
3344,蹄,足,tí
3345,蹂,足,róu
3346,蟆,虫,má|mò
3347,螃,虫,páng
3348,器,口,qì
3349,噪,口,zào
3350,鹦,鸟,yīng
3351,赠,贝,zèng
3352,默,黑,mò
3353,黔,黑,qián
3354,镜,钅,jìng
3355,赞,贝,zàn
3356,穆,禾,mù
3357,篮,竹,lán
3358,篡,竹,cuàn
3359,篷,竹,péng
3360,篱,竹,lí
3361,儒,亻,rú
3362,邀,辶,yāo
3363,衡,行,héng
3364,膨,月,péng
3365,雕,隹,diāo
3366,鲸,鱼,jīng
3367,磨,石,mó|mò
3368,瘾,疒,yǐn
3369,瘸,疒,qué
3370,凝,冫,níng
3371,辨,辛,biàn
3372,辩,辛,biàn
3373,糙,米,cāo
3374,糖,米,táng
3375,糕,米,gāo
3376,燃,火,rán
3377,濒,氵,bīn
3378,澡,氵,zǎo
3379,激,氵,jī
3380,懒,忄,lǎn
3381,憾,忄,hàn
3382,懈,忄,xiè
3383,窿,穴,lóng
3384,壁,土,bì
3385,避,辶,bì
3386,缰,纟,jiāng
3387,缴,纟,jiǎo|zhuó
3388,戴,十,dài
3389,擦,扌,cā
3390,藉,艹,jiè|jí
3391,鞠,革,jū
3392,藏,艹,cáng|zàng
3393,藐,艹,miǎo
3394,檬,木,méng
3395,檐,木,yán
3396,檀,木,tán
3397,礁,石,jiāo
3398,磷,石,lín
3399,霜,雨,shuāng
3400,霞,雨,xiá
3401,瞭,目,liǎo|liào
3402,瞧,目,qiáo
3403,瞬,目,shùn
3404,瞳,目,tóng
3405,瞩,目,zhǔ
3406,瞪,目,dèng
3407,曙,日,shǔ
3408,蹋,足,tà
3409,蹈,足,dǎo
3410,螺,虫,luó
3411,蟋,虫,xī
3412,蟀,虫,shuài
3413,嚎,口,háo
3414,赡,贝,shàn
3415,穗,禾,suì
3416,魏,鬼,wèi
3417,簧,竹,huáng
3418,簇,竹,cù
3419,繁,糸,fán|pó
3420,徽,彳,huī
3421,爵,爫,jué
3422,朦,月,méng
3423,臊,月,sào|sāo
3424,鳄,鱼,è
3425,癌,疒,ái
3426,辫,辛,biàn
3427,赢,贝,yíng
3428,糟,米,zāo
3429,糠,米,kāng
3430,燥,火,zào
3431,懦,忄,nuò
3432,豁,谷,huō|huò|huá
3433,臀,月,tún
3434,臂,月,bì|bei
3435,翼,羽,yì
3436,骤,马,zhòu
3437,藕,艹,ǒu
3438,鞭,革,biān
3439,藤,艹,téng
3440,覆,覀,fù
3441,瞻,目,zhān
3442,蹦,足,bèng
3443,嚣,口,áo|xiāo
3444,镰,钅,lián
3445,翻,羽,fān
3446,鳍,鱼,qí
3447,鹰,鸟,yīng
3448,瀑,氵,bào|pù
3449,襟,衤,jīn
3450,璧,玉,bì
3451,戳,戈,chuō
3452,孽,子,niè
3453,警,言,jǐng
3454,蘑,艹,mó
3455,藻,艹,zǎo
3456,攀,手,pān
3457,曝,日,pù|bào
3458,蹲,足,dūn|cún
3459,蹭,足,cèng
3460,蹬,足,dēng|dèng
3461,巅,山,diān
3462,簸,竹,bò|bǒ
3463,簿,竹,bù|bó
3464,蟹,虫,xiè
3465,颤,页,chàn|zhàn
3466,靡,非,mí|mǐ
3467,癣,疒,xuǎn
3468,瓣,瓜,bàn
3469,羹,羊,gēng
3470,鳖,鱼,biē
3471,爆,火,bào
3472,疆,弓,jiāng|qiáng
3473,鬓,髟,bìn
3474,壤,土,rǎng
3475,馨,香,xīn
3476,耀,羽,yào
3477,躁,足,zào
3478,蠕,虫,rú
3479,嚼,口,jiáo|jué|jiào
3480,嚷,口,rǎng|rāng
3481,巍,山,wēi
3482,籍,竹,jí
3483,鳞,鱼,lín
3484,魔,鬼,mó
3485,糯,米,nuò
3486,灌,氵,guàn
3487,譬,言,pì
3488,蠢,虫,chǔn
3489,霸,雨,bà
3490,露,雨,lù|lòu
3491,霹,雨,pī
3492,躏,足,lìn
3493,黯,黑,àn
3494,髓,骨,suǐ
3495,赣,贝,gàn
3496,囊,一,náng|nāng
3497,镶,钅,xiāng
3498,瓤,瓜,ráng
3499,罐,缶,guàn
3500,矗,十,chù
